584a81be8fddee4a8ac1f64c;[5bbda7a084411f2dd1b873d1];Client;CL584a81be8fddee4a8ac1cd96|Atlanta|0123456789|584a81be8fddee4a8ac1cd96|cheap corner|CIT_CLI00000003|0.33|M
584a81be8fddee4a8ac1e7c3;[5bbda7a084411f2dd1b873d1];Client;CL584a81be8fddee4a8ac1cd96|Atlanta|0123456789|584a81be8fddee4a8ac1cd96|cheap corner|CIT_CLI00000003|0.33|M
584a81be8fddee4a8ac1ebbd;[5bbda7a084411f2dd1b873d1];Client;CL584a81be8fddee4a8ac1cd96|Atlanta|0123456789|584a81be8fddee4a8ac1cd96|cheap corner|CIT_CLI00000003|0.33|M
584a81be8fddee4a8ac1e456;[5bbda7a084411f2dd1b873d1];Client;CL584a81be8fddee4a8ac1cd93|Vancouver|0123456789|584a81be8fddee4a8ac1cd93|spicy corner|CIT_CLI00000001|0.01|M
584a81be8fddee4a8ac1fda0;[5bbda7a084411f2dd1b873d1];Client;CL584a81be8fddee4a8ac1cd93|Vancouver|0123456789|584a81be8fddee4a8ac1cd93|spicy corner|CIT_CLI00000001|0.01|M
584a81be8fddee4a8ac1eb74;[5bbda7a084411f2dd1b873d1];Client;CL584a81be8fddee4a8ac1cd96|Atlanta|0123456789|584a81be8fddee4a8ac1cd96|cheap corner|CIT_CLI00000003|0.33|M
584a81be8fddee4a8ac1fbd7;[5bbda7a084411f2dd1b873d1];Client;CL584a81be8fddee4a8ac1cd96|Atlanta|0123456789|584a81be8fddee4a8ac1cd96|cheap corner|CIT_CLI00000003|0.33|M
584a81be8fddee4a8ac1e822;[5bbda7a084411f2dd1b873d1];Client;CL584a81be8fddee4a8ac1cd96|Atlanta|0123456789|584a81be8fddee4a8ac1cd96|cheap corner|CIT_CLI00000003|0.33|M
584a81be8fddee4a8ac1eea6;[5bbda7a084411f2dd1b873d1];Client;CL584a81be8fddee4a8ac1cd96|Atlanta|0123456789|584a81be8fddee4a8ac1cd96|cheap corner|CIT_CLI00000003|0.33|M
584a81be8fddee4a8ac1fc99;[5bbda7a084411f2dd1b873d1];Client;CL584a81be8fddee4a8ac1cd96|Atlanta|0123456789|584a81be8fddee4a8ac1cd96|cheap corner|CIT_CLI00000003|0.33|M
584a81be8fddee4a8ac1ea47;[5bbda7a084411f2dd1b873d1];Client;CL584a81be8fddee4a8ac1cd96|Atlanta|0123456789|584a81be8fddee4a8ac1cd96|cheap corner|CIT_CLI00000003|0.33|M
584a81be8fddee4a8ac1fdeb;[5bbda7a084411f2dd1b873d1];Client;CL584a81be8fddee4a8ac1cd93|Vancouver|0123456789|584a81be8fddee4a8ac1cd93|spicy corner|CIT_CLI00000001|0.01|M
584a81be8fddee4a8ac1ee01;[5bbda7a084411f2dd1b873d1];Client;CL584a81be8fddee4a8ac1cd93|Vancouver|0123456789|584a81be8fddee4a8ac1cd93|spicy corner|CIT_CLI00000001|0.01|M
584a81be8fddee4a8ac1e8b4;[5bbda7a084411f2dd1b873d1];Client;CL584a81be8fddee4a8ac1cd93|Vancouver|0123456789|584a81be8fddee4a8ac1cd93|spicy corner|CIT_CLI00000001|0.01|M
584a81be8fddee4a8ac1eced;[5bbda7a084411f2dd1b873d1];Client;CL584a81be8fddee4a8ac1cd95|Winston–Salem|0123456789|584a81be8fddee4a8ac1cd95|savory stand|CIT_CLI00000002|0.66|M
584a81be8fddee4a8ac1f38c;[5bbda7a084411f2dd1b873d1];Client;CL584a81be8fddee4a8ac1cd96|Atlanta|0123456789|584a81be8fddee4a8ac1cd96|cheap corner|CIT_CLI00000003|0.33|M
584a81be8fddee4a8ac1f033;[5bbda7a084411f2dd1b873d1];Client;CL584a81be8fddee4a8ac1cd93|Vancouver|0123456789|584a81be8fddee4a8ac1cd93|spicy corner|CIT_CLI00000001|0.01|M
584a81be8fddee4a8ac1cd95;[5bbda7a084411f2dd1b873d1];Customer;Winston–Salem|savory stand|ERP_CUS00000002|0.66|M
584a81be8fddee4a8ac1cd93;[5bbda7a084411f2dd1b873d1];Customer;Vancouver|spicy corner|ERP_CUS00000001|0.01|M
584a81be8fddee4a8ac1cd96;[5bbda7a084411f2dd1b873d1];Customer;Atlanta|cheap corner|ERP_CUS00000003|0.33|M
584a81be8fddee4a8ac1d469;[5bbda7a084411f2dd1b873d1];DeliveryNote;1388876400000|DLV000092-000400|T|***TODO***
584a81be8fddee4a8ac1d625;[5bbda7a084411f2dd1b873d1];DeliveryNote;1388790000000|DLV000123-000516|T|***TODO***
584a81be8fddee4a8ac1d772;[5bbda7a084411f2dd1b873d1];DeliveryNote;1389567600000|DLV000142-000605|T|***TODO***
584a81be8fddee4a8ac1d128;[5bbda7a084411f2dd1b873d1];DeliveryNote;1389222000000|DLV000041-000179|T|***TODO***
584a81be8fddee4a8ac1d2ed;[5bbda7a084411f2dd1b873d1];DeliveryNote;1389222000000|DLV000067-000300|T|***TODO***
584a81be8fddee4a8ac1d60f;[5bbda7a084411f2dd1b873d1];DeliveryNote;1389135600000|DLV000122-000510|T|***TODO***
584a81be8fddee4a8ac1d2d7;[5bbda7a084411f2dd1b873d1];DeliveryNote;1389222000000|DLV000066-000294|T|***TODO***
584a81be8fddee4a8ac1d2c1;[5bbda7a084411f2dd1b873d1];DeliveryNote;1390345200000|DLV000065-000288|T|***TODO***
584a81be8fddee4a8ac1d2ab;[5bbda7a084411f2dd1b873d1];DeliveryNote;1390431600000|DLV000064-000282|T|***TODO***
584a81be8fddee4a8ac1d295;[5bbda7a084411f2dd1b873d1];DeliveryNote;1389394800000|DLV000063-000276|T|***TODO***
584a81be8fddee4a8ac1d27f;[5bbda7a084411f2dd1b873d1];DeliveryNote;1389135600000|DLV000062-000270|T|***TODO***
584a81be8fddee4a8ac1d5f9;[5bbda7a084411f2dd1b873d1];DeliveryNote;1388962800000|DLV000121-000504|T|***TODO***
584a81be8fddee4a8ac1cf74;[5bbda7a084411f2dd1b873d1];DeliveryNote;1389135600000|DLV000015-000063|T|***TODO***
584a81be8fddee4a8ac1d13e;[5bbda7a084411f2dd1b873d1];DeliveryNote;1388617200000|DLV000042-000185|T|***TODO***
584a81be8fddee4a8ac1d25f;[5bbda7a084411f2dd1b873d1];DeliveryNote;1389654000000|DLV000059-000262|T|***TODO***
584a81be8fddee4a8ac1cf2d;[5bbda7a084411f2dd1b873d1];DeliveryNote;1389999600000|DLV000011-000044|T|***TODO***
584a81be8fddee4a8ac1d788;[5bbda7a084411f2dd1b873d1];DeliveryNote;1389049200000|DLV000143-000611|T|***TODO***
584a81be8fddee4a8ac1d5e3;[5bbda7a084411f2dd1b873d1];DeliveryNote;1388617200000|DLV000120-000498|T|***TODO***
584a81be8fddee4a8ac1cf5e;[5bbda7a084411f2dd1b873d1];DeliveryNote;1389913200000|DLV000014-000057|T|***TODO***
584a81be8fddee4a8ac1d168;[5bbda7a084411f2dd1b873d1];DeliveryNote;1388790000000|DLV000047-000195|T|***TODO***
584a81be8fddee4a8ac1d249;[5bbda7a084411f2dd1b873d1];DeliveryNote;1389308400000|DLV000058-000256|T|***TODO***
584a81be8fddee4a8ac1d049;[5bbda7a084411f2dd1b873d1];DeliveryNote;1388790000000|DLV000027-000120|T|***TODO***
584a81be8fddee4a8ac1d233;[5bbda7a084411f2dd1b873d1];DeliveryNote;1390258800000|DLV000057-000250|T|***TODO***
584a81be8fddee4a8ac1d21d;[5bbda7a084411f2dd1b873d1];DeliveryNote;1388790000000|DLV000056-000244|T|***TODO***
584a81be8fddee4a8ac1d207;[5bbda7a084411f2dd1b873d1];DeliveryNote;1390345200000|DLV000055-000238|T|***TODO***
584a81be8fddee4a8ac1d1f1;[5bbda7a084411f2dd1b873d1];DeliveryNote;1389222000000|DLV000054-000232|T|***TODO***
584a81be8fddee4a8ac1d1db;[5bbda7a084411f2dd1b873d1];DeliveryNote;1390518000000|DLV000053-000226|T|***TODO***
584a81be8fddee4a8ac1d5c8;[5bbda7a084411f2dd1b873d1];DeliveryNote;1388703600000|DLV000118-000491|T|***TODO***
584a81be8fddee4a8ac1ceba;[5bbda7a084411f2dd1b873d1];DeliveryNote;1389049200000|DLV000005-000013|T|***TODO***
584a81be8fddee4a8ac1d17e;[5bbda7a084411f2dd1b873d1];DeliveryNote;1389222000000|DLV000048-000201|T|***TODO***
584a81be8fddee4a8ac1d194;[5bbda7a084411f2dd1b873d1];DeliveryNote;1389654000000|DLV000049-000207|T|***TODO***
584a81be8fddee4a8ac1d1c5;[5bbda7a084411f2dd1b873d1];DeliveryNote;1390431600000|DLV000052-000220|T|***TODO***
584a81be8fddee4a8ac1d7e0;[5bbda7a084411f2dd1b873d1];DeliveryNote;1389394800000|DLV000147-000635|T|***TODO***
584a81be8fddee4a8ac1cf48;[5bbda7a084411f2dd1b873d1];DeliveryNote;1390518000000|DLV000013-000051|T|***TODO***
584a81be8fddee4a8ac1d1af;[5bbda7a084411f2dd1b873d1];DeliveryNote;1389049200000|DLV000051-000214|T|***TODO***
584a81be8fddee4a8ac1d5a3;[5bbda7a084411f2dd1b873d1];DeliveryNote;1389999600000|DLV000114-000482|T|***TODO***
584a81be8fddee4a8ac1d58d;[5bbda7a084411f2dd1b873d1];DeliveryNote;1389999600000|DLV000113-000476|T|***TODO***
584a81be8fddee4a8ac1d715;[5bbda7a084411f2dd1b873d1];DeliveryNote;1389222000000|DLV000137-000580|T|***TODO***
584a81be8fddee4a8ac1d7fb;[5bbda7a084411f2dd1b873d1];DeliveryNote;1388876400000|DLV000149-000642|T|***TODO***
584a81be8fddee4a8ac1d577;[5bbda7a084411f2dd1b873d1];DeliveryNote;1388703600000|DLV000112-000470|T|***TODO***
584a81be8fddee4a8ac1d033;[5bbda7a084411f2dd1b873d1];DeliveryNote;1389308400000|DLV000026-000114|T|***TODO***
584a81be8fddee4a8ac1d090;[5bbda7a084411f2dd1b873d1];DeliveryNote;1390172400000|DLV000031-000139|T|***TODO***
584a81be8fddee4a8ac1cf01;[5bbda7a084411f2dd1b873d1];DeliveryNote;1389308400000|DLV000009-000032|T|***TODO***
584a81be8fddee4a8ac1d6fa;[5bbda7a084411f2dd1b873d1];DeliveryNote;1389308400000|DLV000135-000573|T|***TODO***
584a81be8fddee4a8ac1ceeb;[5bbda7a084411f2dd1b873d1];DeliveryNote;1388790000000|DLV000008-000026|T|***TODO***
584a81be8fddee4a8ac1d6e4;[5bbda7a084411f2dd1b873d1];DeliveryNote;1389567600000|DLV000134-000567|T|***TODO***
584a81be8fddee4a8ac1d55c;[5bbda7a084411f2dd1b873d1];DeliveryNote;1388962800000|DLV000110-000463|T|***TODO***
584a81be8fddee4a8ac1d6ce;[5bbda7a084411f2dd1b873d1];DeliveryNote;1388790000000|DLV000133-000561|T|***TODO***
584a81be8fddee4a8ac1d546;[5bbda7a084411f2dd1b873d1];DeliveryNote;1389049200000|DLV000109-000457|T|***TODO***
584a81be8fddee4a8ac1d07a;[5bbda7a084411f2dd1b873d1];DeliveryNote;1389999600000|DLV000030-000133|T|***TODO***
584a81be8fddee4a8ac1d530;[5bbda7a084411f2dd1b873d1];DeliveryNote;1389826800000|DLV000108-000451|T|***TODO***
584a81be8fddee4a8ac1d51a;[5bbda7a084411f2dd1b873d1];DeliveryNote;1389826800000|DLV000107-000445|T|***TODO***
584a81be8fddee4a8ac1d6ae;[5bbda7a084411f2dd1b873d1];DeliveryNote;1390431600000|DLV000130-000553|T|***TODO***
584a81be8fddee4a8ac1d75c;[5bbda7a084411f2dd1b873d1];DeliveryNote;1388703600000|DLV000141-000599|T|***TODO***
584a81be8fddee4a8ac1d504;[5bbda7a084411f2dd1b873d1];DeliveryNote;1388962800000|DLV000106-000439|T|***TODO***
584a81be8fddee4a8ac1d0a6;[5bbda7a084411f2dd1b873d1];DeliveryNote;1390258800000|DLV000032-000145|T|***TODO***
584a81be8fddee4a8ac1d4ee;[5bbda7a084411f2dd1b873d1];DeliveryNote;1388876400000|DLV000105-000433|T|***TODO***
584a81be8fddee4a8ac1d018;[5bbda7a084411f2dd1b873d1];DeliveryNote;1389481200000|DLV000024-000107|T|***TODO***
584a81be8fddee4a8ac1d002;[5bbda7a084411f2dd1b873d1];DeliveryNote;1389308400000|DLV000023-000101|T|***TODO***
584a81be8fddee4a8ac1d79e;[5bbda7a084411f2dd1b873d1];DeliveryNote;1389654000000|DLV000144-000617|T|***TODO***
584a81be8fddee4a8ac1d4c4;[5bbda7a084411f2dd1b873d1];DeliveryNote;1389654000000|DLV000100-000423|T|***TODO***
584a81be8fddee4a8ac1d49f;[5bbda7a084411f2dd1b873d1];DeliveryNote;1390518000000|DLV000096-000414|T|***TODO***
584a81be8fddee4a8ac1d7b4;[5bbda7a084411f2dd1b873d1];DeliveryNote;1389135600000|DLV000145-000623|T|***TODO***
584a81be8fddee4a8ac1d489;[5bbda7a084411f2dd1b873d1];DeliveryNote;1390258800000|DLV000095-000408|T|***TODO***
584a81be8fddee4a8ac1d693;[5bbda7a084411f2dd1b873d1];DeliveryNote;1390518000000|DLV000128-000546|T|***TODO***
584a81be8fddee4a8ac1d741;[5bbda7a084411f2dd1b873d1];DeliveryNote;1389394800000|DLV000139-000592|T|***TODO***
584a81be8fddee4a8ac1cfec;[5bbda7a084411f2dd1b873d1];DeliveryNote;1389999600000|DLV000022-000095|T|***TODO***
584a81be8fddee4a8ac1d67d;[5bbda7a084411f2dd1b873d1];DeliveryNote;1390172400000|DLV000127-000540|T|***TODO***
584a81be8fddee4a8ac1d667;[5bbda7a084411f2dd1b873d1];DeliveryNote;1389826800000|DLV000126-000534|T|***TODO***
584a81be8fddee4a8ac1d453;[5bbda7a084411f2dd1b873d1];DeliveryNote;1389049200000|DLV000091-000394|T|***TODO***
584a81be8fddee4a8ac1d651;[5bbda7a084411f2dd1b873d1];DeliveryNote;1388703600000|DLV000125-000528|T|***TODO***
584a81be8fddee4a8ac1d43d;[5bbda7a084411f2dd1b873d1];DeliveryNote;1388790000000|DLV000090-000388|T|***TODO***
584a81be8fddee4a8ac1d427;[5bbda7a084411f2dd1b873d1];DeliveryNote;1388703600000|DLV000089-000382|T|***TODO***
584a81be8fddee4a8ac1d63b;[5bbda7a084411f2dd1b873d1];DeliveryNote;1389135600000|DLV000124-000522|T|***TODO***
584a81be8fddee4a8ac1d411;[5bbda7a084411f2dd1b873d1];DeliveryNote;1388790000000|DLV000088-000376|T|***TODO***
584a81be8fddee4a8ac1cfd6;[5bbda7a084411f2dd1b873d1];DeliveryNote;1388790000000|DLV000021-000089|T|***TODO***
584a81be8fddee4a8ac1d3fb;[5bbda7a084411f2dd1b873d1];DeliveryNote;1388703600000|DLV000087-000370|T|***TODO***
584a81be8fddee4a8ac1d3e5;[5bbda7a084411f2dd1b873d1];DeliveryNote;1389394800000|DLV000086-000364|T|***TODO***
584a81be8fddee4a8ac1d0c1;[5bbda7a084411f2dd1b873d1];DeliveryNote;1389999600000|DLV000034-000152|T|***TODO***
584a81be8fddee4a8ac1d3cf;[5bbda7a084411f2dd1b873d1];DeliveryNote;1389913200000|DLV000085-000358|T|***TODO***
584a81be8fddee4a8ac1cfc0;[5bbda7a084411f2dd1b873d1];DeliveryNote;1390431600000|DLV000020-000083|T|***TODO***
584a81be8fddee4a8ac1d3b9;[5bbda7a084411f2dd1b873d1];DeliveryNote;1390518000000|DLV000084-000352|T|***TODO***
584a81be8fddee4a8ac1d0dc;[5bbda7a084411f2dd1b873d1];DeliveryNote;1390518000000|DLV000036-000159|T|***TODO***
584a81be8fddee4a8ac1d39e;[5bbda7a084411f2dd1b873d1];DeliveryNote;1389308400000|DLV000082-000345|T|***TODO***
584a81be8fddee4a8ac1d72b;[5bbda7a084411f2dd1b873d1];DeliveryNote;1388617200000|DLV000138-000586|T|***TODO***
584a81be8fddee4a8ac1cea4;[5bbda7a084411f2dd1b873d1];DeliveryNote;1388962800000|DLV000004-000007|T|***TODO***
584a81be8fddee4a8ac1d064;[5bbda7a084411f2dd1b873d1];DeliveryNote;1390258800000|DLV000029-000127|T|***TODO***
584a81be8fddee4a8ac1cf17;[5bbda7a084411f2dd1b873d1];DeliveryNote;1388962800000|DLV000010-000038|T|***TODO***
584a81be8fddee4a8ac1d0f2;[5bbda7a084411f2dd1b873d1];DeliveryNote;1389999600000|DLV000037-000165|T|***TODO***
584a81be8fddee4a8ac1d379;[5bbda7a084411f2dd1b873d1];DeliveryNote;1389308400000|DLV000078-000336|T|***TODO***
584a81be8fddee4a8ac1d359;[5bbda7a084411f2dd1b873d1];DeliveryNote;1390086000000|DLV000075-000328|T|***TODO***
584a81be8fddee4a8ac1d33e;[5bbda7a084411f2dd1b873d1];DeliveryNote;1388790000000|DLV000073-000321|T|***TODO***
584a81be8fddee4a8ac1cfa5;[5bbda7a084411f2dd1b873d1];DeliveryNote;1388876400000|DLV000018-000076|T|***TODO***
584a81be8fddee4a8ac1d108;[5bbda7a084411f2dd1b873d1];DeliveryNote;1389826800000|DLV000038-000171|T|***TODO***
584a81be8fddee4a8ac1cf8f;[5bbda7a084411f2dd1b873d1];DeliveryNote;1389308400000|DLV000017-000070|T|***TODO***
584a81be8fddee4a8ac1d7ca;[5bbda7a084411f2dd1b873d1];DeliveryNote;1389481200000|DLV000146-000629|T|***TODO***
584a81be8fddee4a8ac1d328;[5bbda7a084411f2dd1b873d1];DeliveryNote;1390086000000|DLV000072-000315|T|***TODO***
584a81be8fddee4a8ac1ced5;[5bbda7a084411f2dd1b873d1];DeliveryNote;1388876400000|DLV000007-000020|T|***TODO***
584a81be8fddee4a8ac1d30d;[5bbda7a084411f2dd1b873d1];DeliveryNote;1390431600000|DLV000070-000308|T|***TODO***
584a81be8fddee4a8ac1cdbe;[5bbda7a084411f2dd1b873d1];Employee;Chesapeake|f|Ruby Bloggs|ERP_EMP00000002|0.66|M
584a81be8fddee4a8ac1cdc0;[5bbda7a084411f2dd1b873d1];Employee;Providence|m|Devontae Donaldson|ERP_EMP00000003|0.33|M
584a81be8fddee4a8ac1cdbb;[5bbda7a084411f2dd1b873d1];Employee;Amarillo|m|Dillion Boyce|ERP_EMP00000001|0.01|M
584a81be8fddee4a8ac1cd92;[5bbda7a084411f2dd1b873d1];Logistics;Evansville|fast distribution|ERP_LOG00000001|0.01|M
584a81be8fddee4a8ac1cd94;[5bbda7a084411f2dd1b873d1];Logistics;Erie|quick cargo|ERP_LOG00000002|0.66|M
584a81be8fddee4a8ac1cdbd;[5bbda7a084411f2dd1b873d1];Product;fruits|big Strawberry|ERP_PRD00000024|0.76||0.66|M
584a81be8fddee4a8ac1cda6;[5bbda7a084411f2dd1b873d1];Product;fruits|short Blackcurrant|ERP_PRD00000047||8|0.33|M
584a81be8fddee4a8ac1cda7;[5bbda7a084411f2dd1b873d1];Product;vegetables|regular Red pepper|ERP_PRD00000012|6.58||0.01|M
584a81be8fddee4a8ac1cda8;[5bbda7a084411f2dd1b873d1];Product;fruits|violet Canary melon|ERP_PRD00000022|2.22||0.66|M
584a81be8fddee4a8ac1cda9;[5bbda7a084411f2dd1b873d1];Product;vegetables|typical Cayenne pepper|ERP_PRD00000011|1.49||0.01|M
584a81be8fddee4a8ac1cdaa;[5bbda7a084411f2dd1b873d1];Product;vegetables|typical Carrot|ERP_PRD00000027|0.76||0.66|M
584a81be8fddee4a8ac1cdab;[5bbda7a084411f2dd1b873d1];Product;vegetables|light Horseradish|ERP_PRD00000016|4.13||0.01|M
584a81be8fddee4a8ac1cdac;[5bbda7a084411f2dd1b873d1];Product;fruits|new Star fruit|ERP_PRD00000023|1.68||0.66|M
584a81be8fddee4a8ac1cdad;[5bbda7a084411f2dd1b873d1];Product;vegetables|dark Radish|ERP_PRD00000026|1.3||0.66|M
584a81be8fddee4a8ac1cdae;[5bbda7a084411f2dd1b873d1];Product;vegetables|big Celeriac|ERP_PRD00000036|7.4||0.33|M
584a81be8fddee4a8ac1cdaf;[5bbda7a084411f2dd1b873d1];Product;vegetables|black Mung beans|ERP_PRD00000044|7.04||0.33|M
584a81be8fddee4a8ac1cdb0;[5bbda7a084411f2dd1b873d1];Product;vegetables|regular Pinto beans|ERP_PRD00000013|4.66||0.01|M
584a81be8fddee4a8ac1cdb1;[5bbda7a084411f2dd1b873d1];Product;fruits|green Jujube|ERP_PRD00000020|7.37||0.66|M
584a81be8fddee4a8ac1cdb2;[5bbda7a084411f2dd1b873d1];Product;fruits|dark Pineapple|ERP_PRD00000001|2.96||0.01|M
584a81be8fddee4a8ac1cdb3;[5bbda7a084411f2dd1b873d1];Product;nuts|rich Pili Nut|ERP_PRD00000007|7.47||0.01|M
584a81be8fddee4a8ac1cdb4;[5bbda7a084411f2dd1b873d1];Product;fruits|small Pepper|ERP_PRD00000050|5.9||0.33|M
584a81be8fddee4a8ac1cdb5;[5bbda7a084411f2dd1b873d1];Product;vegetables|red Dill|ERP_PRD00000018||8|0.66|M
584a81be8fddee4a8ac1cdb6;[5bbda7a084411f2dd1b873d1];Product;vegetables|big Rutabaga|ERP_PRD00000019|4.9||0.66|M
584a81be8fddee4a8ac1cdb7;[5bbda7a084411f2dd1b873d1];Product;fruits|common Jambul|ERP_PRD00000031|1.93||0.66|M
584a81be8fddee4a8ac1cdb8;[5bbda7a084411f2dd1b873d1];Product;vegetables|dark Banana squash|ERP_PRD00000021|0.76||0.66|M
584a81be8fddee4a8ac1cdb9;[5bbda7a084411f2dd1b873d1];Product;vegetables|typical Bok choy (known as Bok choy in UK and US)|ERP_PRD00000029|7.11||0.66|M
584a81be8fddee4a8ac1cdba;[5bbda7a084411f2dd1b873d1];Product;fruits|typical Blackberry|ERP_PRD00000009|4.16||0.01|M
584a81be8fddee4a8ac1cdbc;[5bbda7a084411f2dd1b873d1];Product;vegetables|regular Banana squash|ERP_PRD00000025|6.88||0.66|M
584a81be8fddee4a8ac1cdbf;[5bbda7a084411f2dd1b873d1];Product;fruits|simple Satsuma|ERP_PRD00000017|8.29||0.01|M
584a81be8fddee4a8ac1cdc1;[5bbda7a084411f2dd1b873d1];Product;fruits|black Lemon|ERP_PRD00000002|0.8||0.01|M
584a81be8fddee4a8ac1cdc2;[5bbda7a084411f2dd1b873d1];Product;vegetables|regular Calabrese|ERP_PRD00000014|5.02||0.01|M
584a81be8fddee4a8ac1cdc3;[5bbda7a084411f2dd1b873d1];Product;vegetables|new Wasabi|ERP_PRD00000038|3.42||0.33|M
584a81be8fddee4a8ac1cdc4;[5bbda7a084411f2dd1b873d1];Product;fruits|original Fig|ERP_PRD00000041|9.26||0.33|M
584a81be8fddee4a8ac1cdc5;[5bbda7a084411f2dd1b873d1];Product;vegetables|dark Oregano|ERP_PRD00000015|6.41||0.01|M
584a81be8fddee4a8ac1cdc6;[5bbda7a084411f2dd1b873d1];Product;vegetables|regular Kale|ERP_PRD00000004|0.6||0.01|M
584a81be8fddee4a8ac1cdc7;[5bbda7a084411f2dd1b873d1];Product;fruits|small Pomegranate|ERP_PRD00000006|4.19||0.01|M
584a81be8fddee4a8ac1cdcb;[5bbda7a084411f2dd1b873d1];Product;nuts|round Pili Nut|ERP_PRD00000042|6.87||0.33|M
584a81be8fddee4a8ac1cdca;[5bbda7a084411f2dd1b873d1];Product;fruits|violet Satsuma|ERP_PRD00000028|5.51||0.66|M
584a81be8fddee4a8ac1cdc9;[5bbda7a084411f2dd1b873d1];Product;vegetables|bright Garlic|ERP_PRD00000049|7.8||0.33|M
584a81be8fddee4a8ac1cdc8;[5bbda7a084411f2dd1b873d1];Product;fruits|usual Cranberry|ERP_PRD00000010|3.9||0.01|M
584a81be8fddee4a8ac1cd97;[5bbda7a084411f2dd1b873d1];Product;vegetables|typical Parsley|ERP_PRD00000033|4.52||0.66|M
584a81be8fddee4a8ac1cd98;[5bbda7a084411f2dd1b873d1];Product;fruits|violet Physalis|ERP_PRD00000039|4.75||0.33|M
584a81be8fddee4a8ac1cd99;[5bbda7a084411f2dd1b873d1];Product;vegetables|dark Broccoflower (a hybrid)|ERP_PRD00000005|7.21||0.01|M
584a81be8fddee4a8ac1cd9a;[5bbda7a084411f2dd1b873d1];Product;fruits|simple Plum/prune|ERP_PRD00000035|7.27||0.33|M
584a81be8fddee4a8ac1cd9b;[5bbda7a084411f2dd1b873d1];Product;vegetables|green Celeriac|ERP_PRD00000032|2.27||0.66|M
584a81be8fddee4a8ac1cd9c;[5bbda7a084411f2dd1b873d1];Product;fruits|big Honeydew|ERP_PRD00000034|8.94||0.66|M
584a81be8fddee4a8ac1cd9d;[5bbda7a084411f2dd1b873d1];Product;vegetables|regular Dill|ERP_PRD00000008|2.89||0.01|M
584a81be8fddee4a8ac1cd9e;[5bbda7a084411f2dd1b873d1];Product;fruits|rich Jambul|ERP_PRD00000046|0.85||0.33|M
584a81be8fddee4a8ac1cd9f;[5bbda7a084411f2dd1b873d1];Product;vegetables|bright Chard|ERP_PRD00000030|5.14||0.66|M
584a81be8fddee4a8ac1cda0;[5bbda7a084411f2dd1b873d1];Product;fruits|short Cherimoya|ERP_PRD00000003|8.85||0.01|M
584a81be8fddee4a8ac1cda1;[5bbda7a084411f2dd1b873d1];Product;vegetables|violet Calabrese|ERP_PRD00000040|8.67||0.33|M
584a81be8fddee4a8ac1cda2;[5bbda7a084411f2dd1b873d1];Product;vegetables|common Squashes|ERP_PRD00000043|2.97||0.33|M
584a81be8fddee4a8ac1cda3;[5bbda7a084411f2dd1b873d1];Product;vegetables|long Basil|ERP_PRD00000037|1.72||0.33|M
584a81be8fddee4a8ac1cda4;[5bbda7a084411f2dd1b873d1];Product;fruits|bright Kiwi fruit|ERP_PRD00000048|8.92||0.33|M
584a81be8fddee4a8ac1cda5;[5bbda7a084411f2dd1b873d1];Product;vegetables|simple Celeriac|ERP_PRD00000045|8.3||0.33|M
584a81be8fddee4a8ac1f662;[5bbda7a084411f2dd1b873d1];PurchInvoice;1388876400000|-11.21||CIT_PIN000162-000026|T|*** TODO @ ComplaintHandling ***
584a81be8fddee4a8ac1d0a9;[5bbda7a084411f2dd1b873d1];PurchInvoice;1390431600000|102.51||PIN000032-000146|T|*** TODO @ Brokerage ***
584a81be8fddee4a8ac1d78b;[5bbda7a084411f2dd1b873d1];PurchInvoice;1389394800000|43.92||PIN000143-000612|T|*** TODO @ Brokerage ***
584a81be8fddee4a8ac1d7a1;[5bbda7a084411f2dd1b873d1];PurchInvoice;1389740400000|810.48||PIN000144-000618|T|*** TODO @ Brokerage ***
584a81be8fddee4a8ac1d7b7;[5bbda7a084411f2dd1b873d1];PurchInvoice;1389481200000|26.18||PIN000145-000624|T|*** TODO @ Brokerage ***
584a81be8fddee4a8ac1d7cd;[5bbda7a084411f2dd1b873d1];PurchInvoice;1389740400000|376.81||PIN000146-000630|T|*** TODO @ Brokerage ***
584a81be8fddee4a8ac1d7e3;[5bbda7a084411f2dd1b873d1];PurchInvoice;1389481200000|76.05||PIN000147-000636|T|*** TODO @ Brokerage ***
584a81be8fddee4a8ac1d0c4;[5bbda7a084411f2dd1b873d1];PurchInvoice;1390086000000|460.13||PIN000034-000153|T|*** TODO @ Brokerage ***
584a81be8fddee4a8ac1d7fe;[5bbda7a084411f2dd1b873d1];PurchInvoice;1389222000000|799.92||PIN000149-000643|T|*** TODO @ Brokerage ***
584a81be8fddee4a8ac1e483;[5bbda7a084411f2dd1b873d1];PurchInvoice;1389999600000|-58.16||CIT_PIN000150-000002|T|*** TODO @ ComplaintHandling ***
584a81be8fddee4a8ac1e7c8;[5bbda7a084411f2dd1b873d1];PurchInvoice;1389135600000|-57.69||CIT_PIN000151-000004|T|*** TODO @ ComplaintHandling ***
584a81be8fddee4a8ac1e832;[5bbda7a084411f2dd1b873d1];PurchInvoice;1389308400000|-4.95||CIT_PIN000152-000006|T|*** TODO @ ComplaintHandling ***
584a81be8fddee4a8ac1e8e3;[5bbda7a084411f2dd1b873d1];PurchInvoice;1390431600000|-115.51||CIT_PIN000153-000010|T|*** TODO @ ComplaintHandling ***
584a81be8fddee4a8ac1e8c0;[5bbda7a084411f2dd1b873d1];PurchInvoice;1390431600000|-57.75||CIT_PIN000153-000008|T|*** TODO @ ComplaintHandling ***
584a81be8fddee4a8ac1ea66;[5bbda7a084411f2dd1b873d1];PurchInvoice;1389308400000|-34.16||CIT_PIN000154-000012|T|*** TODO @ ComplaintHandling ***
584a81be8fddee4a8ac1eb79;[5bbda7a084411f2dd1b873d1];PurchInvoice;1390258800000|-5.13||CIT_PIN000155-000014|T|*** TODO @ ComplaintHandling ***
584a81be8fddee4a8ac1ee15;[5bbda7a084411f2dd1b873d1];PurchInvoice;1389049200000|-6.24||CIT_PIN000158-000018|T|*** TODO @ ComplaintHandling ***
584a81be8fddee4a8ac1eeb8;[5bbda7a084411f2dd1b873d1];PurchInvoice;1390518000000|-60.26||CIT_PIN000159-000020|T|*** TODO @ ComplaintHandling ***
584a81be8fddee4a8ac1f047;[5bbda7a084411f2dd1b873d1];PurchInvoice;1389394800000|-15.91||CIT_PIN000160-000022|T|*** TODO @ ComplaintHandling ***
584a81be8fddee4a8ac1f3a4;[5bbda7a084411f2dd1b873d1];PurchInvoice;1390086000000|-20.46||CIT_PIN000161-000024|T|*** TODO @ ComplaintHandling ***
584a81be8fddee4a8ac1fbf4;[5bbda7a084411f2dd1b873d1];PurchInvoice;1388962800000|-5.72||CIT_PIN000163-000028|T|*** TODO @ ComplaintHandling ***
584a81be8fddee4a8ac1fca7;[5bbda7a084411f2dd1b873d1];PurchInvoice;1388703600000|-56.1||CIT_PIN000164-000030|T|*** TODO @ ComplaintHandling ***
584a81be8fddee4a8ac1fdaa;[5bbda7a084411f2dd1b873d1];PurchInvoice;1390172400000|-18.54||CIT_PIN000165-000032|T|*** TODO @ ComplaintHandling ***
584a81be8fddee4a8ac1d0df;[5bbda7a084411f2dd1b873d1];PurchInvoice;1390690800000|59.7||PIN000036-000160|T|*** TODO @ Brokerage ***
584a81be8fddee4a8ac1d0f5;[5bbda7a084411f2dd1b873d1];PurchInvoice;1390258800000|252.28||PIN000037-000166|T|*** TODO @ Brokerage ***
584a81be8fddee4a8ac1d10b;[5bbda7a084411f2dd1b873d1];PurchInvoice;1390172400000|232.44||PIN000038-000172|T|*** TODO @ Brokerage ***
584a81be8fddee4a8ac1cf1a;[5bbda7a084411f2dd1b873d1];PurchInvoice;1389394800000|138.6||PIN000010-000039|T|*** TODO @ Brokerage ***
584a81be8fddee4a8ac1d12b;[5bbda7a084411f2dd1b873d1];PurchInvoice;1389308400000|228.34||PIN000041-000180|T|*** TODO @ Brokerage ***
584a81be8fddee4a8ac1d141;[5bbda7a084411f2dd1b873d1];PurchInvoice;1388703600000|119.6||PIN000042-000186|T|*** TODO @ Brokerage ***
584a81be8fddee4a8ac1cf30;[5bbda7a084411f2dd1b873d1];PurchInvoice;1390086000000|581.58||PIN000011-000045|T|*** TODO @ Brokerage ***
584a81be8fddee4a8ac1cebd;[5bbda7a084411f2dd1b873d1];PurchInvoice;1389222000000|71.28||PIN000005-000014|T|*** TODO @ Brokerage ***
584a81be8fddee4a8ac1d16b;[5bbda7a084411f2dd1b873d1];PurchInvoice;1389135600000|256.2||PIN000047-000196|T|*** TODO @ Brokerage ***
584a81be8fddee4a8ac1d181;[5bbda7a084411f2dd1b873d1];PurchInvoice;1389308400000|86.7||PIN000048-000202|T|*** TODO @ Brokerage ***
584a81be8fddee4a8ac1d197;[5bbda7a084411f2dd1b873d1];PurchInvoice;1389826800000|386.24||PIN000049-000208|T|*** TODO @ Brokerage ***
584a81be8fddee4a8ac1d1b2;[5bbda7a084411f2dd1b873d1];PurchInvoice;1389394800000|62.4||PIN000051-000215|T|*** TODO @ Brokerage ***
584a81be8fddee4a8ac1cf4b;[5bbda7a084411f2dd1b873d1];PurchInvoice;1390863600000|12.18||PIN000013-000052|T|*** TODO @ Brokerage ***
584a81be8fddee4a8ac1d1c8;[5bbda7a084411f2dd1b873d1];PurchInvoice;1390777200000|14.41||PIN000052-000221|T|*** TODO @ Brokerage ***
584a81be8fddee4a8ac1d1de;[5bbda7a084411f2dd1b873d1];PurchInvoice;1390690800000|401.76||PIN000053-000227|T|*** TODO @ Brokerage ***
584a81be8fddee4a8ac1d1f4;[5bbda7a084411f2dd1b873d1];PurchInvoice;1389308400000|495.6||PIN000054-000233|T|*** TODO @ Brokerage ***
584a81be8fddee4a8ac1d20a;[5bbda7a084411f2dd1b873d1];PurchInvoice;1390777200000|571.54||PIN000055-000239|T|*** TODO @ Brokerage ***
584a81be8fddee4a8ac1d220;[5bbda7a084411f2dd1b873d1];PurchInvoice;1388876400000|694.71||PIN000056-000245|T|*** TODO @ Brokerage ***
584a81be8fddee4a8ac1cf61;[5bbda7a084411f2dd1b873d1];PurchInvoice;1389999600000|19.91||PIN000014-000058|T|*** TODO @ Brokerage ***
584a81be8fddee4a8ac1d236;[5bbda7a084411f2dd1b873d1];PurchInvoice;1390604400000|310.2||PIN000057-000251|T|*** TODO @ Brokerage ***
584a81be8fddee4a8ac1d24c;[5bbda7a084411f2dd1b873d1];PurchInvoice;1389740400000||170|PIN000058-000257|T|*** TODO @ Brokerage ***
584a81be8fddee4a8ac1d262;[5bbda7a084411f2dd1b873d1];PurchInvoice;1389999600000|30.8||PIN000059-000263|T|*** TODO @ Brokerage ***
584a81be8fddee4a8ac1d282;[5bbda7a084411f2dd1b873d1];PurchInvoice;1389481200000|291.48||PIN000062-000271|T|*** TODO @ Brokerage ***
584a81be8fddee4a8ac1cf77;[5bbda7a084411f2dd1b873d1];PurchInvoice;1389222000000|576.85||PIN000015-000064|T|*** TODO @ Brokerage ***
584a81be8fddee4a8ac1d298;[5bbda7a084411f2dd1b873d1];PurchInvoice;1389567600000|106.05||PIN000063-000277|T|*** TODO @ Brokerage ***
584a81be8fddee4a8ac1d2ae;[5bbda7a084411f2dd1b873d1];PurchInvoice;1390777200000|277.2||PIN000064-000283|T|*** TODO @ Brokerage ***
584a81be8fddee4a8ac1d2c4;[5bbda7a084411f2dd1b873d1];PurchInvoice;1390604400000|46.61||PIN000065-000289|T|*** TODO @ Brokerage ***
584a81be8fddee4a8ac1cea7;[5bbda7a084411f2dd1b873d1];PurchInvoice;1389308400000|16.95||PIN000004-000008|T|*** TODO @ Brokerage ***
584a81be8fddee4a8ac1d2da;[5bbda7a084411f2dd1b873d1];PurchInvoice;1389567600000|16.5||PIN000066-000295|T|*** TODO @ Brokerage ***
584a81be8fddee4a8ac1d2f0;[5bbda7a084411f2dd1b873d1];PurchInvoice;1389567600000|181.89||PIN000067-000301|T|*** TODO @ Brokerage ***
584a81be8fddee4a8ac1cf92;[5bbda7a084411f2dd1b873d1];PurchInvoice;1389654000000||33|PIN000017-000071|T|*** TODO @ Brokerage ***
584a81be8fddee4a8ac1d310;[5bbda7a084411f2dd1b873d1];PurchInvoice;1390863600000|130.24||PIN000070-000309|T|*** TODO @ Brokerage ***
584a81be8fddee4a8ac1d32b;[5bbda7a084411f2dd1b873d1];PurchInvoice;1390172400000|409.2||PIN000072-000316|T|*** TODO @ Brokerage ***
584a81be8fddee4a8ac1d341;[5bbda7a084411f2dd1b873d1];PurchInvoice;1388876400000|262.24||PIN000073-000322|T|*** TODO @ Brokerage ***
584a81be8fddee4a8ac1cfa8;[5bbda7a084411f2dd1b873d1];PurchInvoice;1389222000000|47.67||PIN000018-000077|T|*** TODO @ Brokerage ***
584a81be8fddee4a8ac1d35c;[5bbda7a084411f2dd1b873d1];PurchInvoice;1390172400000|29.36||PIN000075-000329|T|*** TODO @ Brokerage ***
584a81be8fddee4a8ac1ced8;[5bbda7a084411f2dd1b873d1];PurchInvoice;1389222000000|8.58||PIN000007-000021|T|*** TODO @ Brokerage ***
584a81be8fddee4a8ac1d37c;[5bbda7a084411f2dd1b873d1];PurchInvoice;1389654000000|368.6||PIN000078-000337|T|*** TODO @ Brokerage ***
584a81be8fddee4a8ac1cfc3;[5bbda7a084411f2dd1b873d1];PurchInvoice;1390777200000|577.53||PIN000020-000084|T|*** TODO @ Brokerage ***
584a81be8fddee4a8ac1d3a1;[5bbda7a084411f2dd1b873d1];PurchInvoice;1389654000000|62.91||PIN000082-000346|T|*** TODO @ Brokerage ***
584a81be8fddee4a8ac1d3bc;[5bbda7a084411f2dd1b873d1];PurchInvoice;1390604400000|252.35||PIN000084-000353|T|*** TODO @ Brokerage ***
584a81be8fddee4a8ac1d3d2;[5bbda7a084411f2dd1b873d1];PurchInvoice;1389999600000|13.2||PIN000085-000359|T|*** TODO @ Brokerage ***
584a81be8fddee4a8ac1d3e8;[5bbda7a084411f2dd1b873d1];PurchInvoice;1389740400000|402.96||PIN000086-000365|T|*** TODO @ Brokerage ***
584a81be8fddee4a8ac1cfd9;[5bbda7a084411f2dd1b873d1];PurchInvoice;1388876400000|783.76||PIN000021-000090|T|*** TODO @ Brokerage ***
584a81be8fddee4a8ac1d3fe;[5bbda7a084411f2dd1b873d1];PurchInvoice;1389049200000|154.44||PIN000087-000371|T|*** TODO @ Brokerage ***
584a81be8fddee4a8ac1d414;[5bbda7a084411f2dd1b873d1];PurchInvoice;1389049200000|195.75||PIN000088-000377|T|*** TODO @ Brokerage ***
584a81be8fddee4a8ac1d42a;[5bbda7a084411f2dd1b873d1];PurchInvoice;1389135600000|55.32||PIN000089-000383|T|*** TODO @ Brokerage ***
584a81be8fddee4a8ac1d440;[5bbda7a084411f2dd1b873d1];PurchInvoice;1388876400000|448.8||PIN000090-000389|T|*** TODO @ Brokerage ***
584a81be8fddee4a8ac1d456;[5bbda7a084411f2dd1b873d1];PurchInvoice;1389394800000|298.24||PIN000091-000395|T|*** TODO @ Brokerage ***
584a81be8fddee4a8ac1d46c;[5bbda7a084411f2dd1b873d1];PurchInvoice;1389222000000|56.05||PIN000092-000401|T|*** TODO @ Brokerage ***
584a81be8fddee4a8ac1d48c;[5bbda7a084411f2dd1b873d1];PurchInvoice;1390518000000|543.12||PIN000095-000409|T|*** TODO @ Brokerage ***
584a81be8fddee4a8ac1d4a2;[5bbda7a084411f2dd1b873d1];PurchInvoice;1390863600000|332.01||PIN000096-000415|T|*** TODO @ Brokerage ***
584a81be8fddee4a8ac1cfef;[5bbda7a084411f2dd1b873d1];PurchInvoice;1390172400000|29.58||PIN000022-000096|T|*** TODO @ Brokerage ***
584a81be8fddee4a8ac1d005;[5bbda7a084411f2dd1b873d1];PurchInvoice;1389394800000|554.25||PIN000023-000102|T|*** TODO @ Brokerage ***
584a81be8fddee4a8ac1d4c7;[5bbda7a084411f2dd1b873d1];PurchInvoice;1389740400000|139.69||PIN000100-000424|T|*** TODO @ Brokerage ***
584a81be8fddee4a8ac1d4f1;[5bbda7a084411f2dd1b873d1];PurchInvoice;1389135600000|62.37||PIN000105-000434|T|*** TODO @ Brokerage ***
584a81be8fddee4a8ac1d507;[5bbda7a084411f2dd1b873d1];PurchInvoice;1389135600000|660.82||PIN000106-000440|T|*** TODO @ Brokerage ***
584a81be8fddee4a8ac1d51d;[5bbda7a084411f2dd1b873d1];PurchInvoice;1389913200000|400.2||PIN000107-000446|T|*** TODO @ Brokerage ***
584a81be8fddee4a8ac1d01b;[5bbda7a084411f2dd1b873d1];PurchInvoice;1389567600000|141.45||PIN000024-000108|T|*** TODO @ Brokerage ***
584a81be8fddee4a8ac1d533;[5bbda7a084411f2dd1b873d1];PurchInvoice;1390258800000|340.56||PIN000108-000452|T|*** TODO @ Brokerage ***
584a81be8fddee4a8ac1d549;[5bbda7a084411f2dd1b873d1];PurchInvoice;1389481200000||412|PIN000109-000458|T|*** TODO @ Brokerage ***
584a81be8fddee4a8ac1d55f;[5bbda7a084411f2dd1b873d1];PurchInvoice;1389308400000|57.2||PIN000110-000464|T|*** TODO @ Brokerage ***
584a81be8fddee4a8ac1d57a;[5bbda7a084411f2dd1b873d1];PurchInvoice;1388962800000|23.88||PIN000112-000471|T|*** TODO @ Brokerage ***
584a81be8fddee4a8ac1d590;[5bbda7a084411f2dd1b873d1];PurchInvoice;1390431600000|27.76||PIN000113-000477|T|*** TODO @ Brokerage ***
584a81be8fddee4a8ac1d5a6;[5bbda7a084411f2dd1b873d1];PurchInvoice;1390086000000|287.85||PIN000114-000483|T|*** TODO @ Brokerage ***
584a81be8fddee4a8ac1d036;[5bbda7a084411f2dd1b873d1];PurchInvoice;1389481200000|683.1||PIN000026-000115|T|*** TODO @ Brokerage ***
584a81be8fddee4a8ac1d5cb;[5bbda7a084411f2dd1b873d1];PurchInvoice;1388790000000||561|PIN000118-000492|T|*** TODO @ Brokerage ***
584a81be8fddee4a8ac1d04c;[5bbda7a084411f2dd1b873d1];PurchInvoice;1389049200000|388.85||PIN000027-000121|T|*** TODO @ Brokerage ***
584a81be8fddee4a8ac1d5e6;[5bbda7a084411f2dd1b873d1];PurchInvoice;1388790000000|501.49||PIN000120-000499|T|*** TODO @ Brokerage ***
584a81be8fddee4a8ac1d5fc;[5bbda7a084411f2dd1b873d1];PurchInvoice;1389135600000||466|PIN000121-000505|T|*** TODO @ Brokerage ***
584a81be8fddee4a8ac1d612;[5bbda7a084411f2dd1b873d1];PurchInvoice;1389394800000|119.52||PIN000122-000511|T|*** TODO @ Brokerage ***
584a81be8fddee4a8ac1d628;[5bbda7a084411f2dd1b873d1];PurchInvoice;1389135600000|335.12||PIN000123-000517|T|*** TODO @ Brokerage ***
584a81be8fddee4a8ac1ceee;[5bbda7a084411f2dd1b873d1];PurchInvoice;1389049200000|321.6||PIN000008-000027|T|*** TODO @ Brokerage ***
584a81be8fddee4a8ac1d63e;[5bbda7a084411f2dd1b873d1];PurchInvoice;1389567600000|363.6||PIN000124-000523|T|*** TODO @ Brokerage ***
584a81be8fddee4a8ac1d654;[5bbda7a084411f2dd1b873d1];PurchInvoice;1389135600000|319.68||PIN000125-000529|T|*** TODO @ Brokerage ***
584a81be8fddee4a8ac1d067;[5bbda7a084411f2dd1b873d1];PurchInvoice;1390690800000|46.2||PIN000029-000128|T|*** TODO @ Brokerage ***
584a81be8fddee4a8ac1d66a;[5bbda7a084411f2dd1b873d1];PurchInvoice;1390172400000|591.12||PIN000126-000535|T|*** TODO @ Brokerage ***
584a81be8fddee4a8ac1d680;[5bbda7a084411f2dd1b873d1];PurchInvoice;1390431600000|123.6||PIN000127-000541|T|*** TODO @ Brokerage ***
584a81be8fddee4a8ac1cf04;[5bbda7a084411f2dd1b873d1];PurchInvoice;1389481200000|94.9||PIN000009-000033|T|*** TODO @ Brokerage ***
584a81be8fddee4a8ac1d696;[5bbda7a084411f2dd1b873d1];PurchInvoice;1390690800000|188.5||PIN000128-000547|T|*** TODO @ Brokerage ***
584a81be8fddee4a8ac1d6b1;[5bbda7a084411f2dd1b873d1];PurchInvoice;1390518000000|46.8||PIN000130-000554|T|*** TODO @ Brokerage ***
584a81be8fddee4a8ac1d07d;[5bbda7a084411f2dd1b873d1];PurchInvoice;1390086000000|21.06||PIN000030-000134|T|*** TODO @ Brokerage ***
584a81be8fddee4a8ac1d6d1;[5bbda7a084411f2dd1b873d1];PurchInvoice;1388876400000|277.38||PIN000133-000562|T|*** TODO @ Brokerage ***
584a81be8fddee4a8ac1d6e7;[5bbda7a084411f2dd1b873d1];PurchInvoice;1389654000000|288.42||PIN000134-000568|T|*** TODO @ Brokerage ***
584a81be8fddee4a8ac1d6fd;[5bbda7a084411f2dd1b873d1];PurchInvoice;1389740400000|255.2||PIN000135-000574|T|*** TODO @ Brokerage ***
584a81be8fddee4a8ac1d718;[5bbda7a084411f2dd1b873d1];PurchInvoice;1389394800000|756.84||PIN000137-000581|T|*** TODO @ Brokerage ***
584a81be8fddee4a8ac1d093;[5bbda7a084411f2dd1b873d1];PurchInvoice;1390258800000|252.72||PIN000031-000140|T|*** TODO @ Brokerage ***
584a81be8fddee4a8ac1d72e;[5bbda7a084411f2dd1b873d1];PurchInvoice;1388876400000|26.52||PIN000138-000587|T|*** TODO @ Brokerage ***
584a81be8fddee4a8ac1d744;[5bbda7a084411f2dd1b873d1];PurchInvoice;1389826800000|26.25||PIN000139-000593|T|*** TODO @ Brokerage ***
584a81be8fddee4a8ac1d75f;[5bbda7a084411f2dd1b873d1];PurchInvoice;1389135600000|112.2||PIN000141-000600|T|*** TODO @ Brokerage ***
584a81be8fddee4a8ac1d775;[5bbda7a084411f2dd1b873d1];PurchInvoice;1389999600000|330.96||PIN000142-000606|T|*** TODO @ Brokerage ***
584a81be8fddee4a8ac1d103;[5bbda7a084411f2dd1b873d1];PurchOrder;1389740400000|POR000038-000170|T
584a81be8fddee4a8ac1d6c9;[5bbda7a084411f2dd1b873d1];PurchOrder;1388703600000|POR000133-000560|T
584a81be8fddee4a8ac1d0ed;[5bbda7a084411f2dd1b873d1];PurchOrder;1389913200000|POR000037-000164|T
584a81be8fddee4a8ac1cfd1;[5bbda7a084411f2dd1b873d1];PurchOrder;1388703600000|POR000021-000088|T
584a81be8fddee4a8ac1cf28;[5bbda7a084411f2dd1b873d1];PurchOrder;1389913200000|POR000011-000043|T
584a81be8fddee4a8ac1d0a1;[5bbda7a084411f2dd1b873d1];PurchOrder;1390172400000|POR000032-000144|T
584a81be8fddee4a8ac1d354;[5bbda7a084411f2dd1b873d1];PurchOrder;1389999600000|POR000075-000327|T
584a81be8fddee4a8ac1d08b;[5bbda7a084411f2dd1b873d1];PurchOrder;1390086000000|POR000031-000138|T
584a81be8fddee4a8ac1d44e;[5bbda7a084411f2dd1b873d1];PurchOrder;1389049200000|POR000091-000393|T
584a81be8fddee4a8ac1d464;[5bbda7a084411f2dd1b873d1];PurchOrder;1388790000000|POR000092-000399|T
584a81be8fddee4a8ac1d123;[5bbda7a084411f2dd1b873d1];PurchOrder;1389135600000|POR000041-000178|T
584a81be8fddee4a8ac1d68e;[5bbda7a084411f2dd1b873d1];PurchOrder;1390431600000|POR000128-000545|T
584a81be8fddee4a8ac1d7db;[5bbda7a084411f2dd1b873d1];PurchOrder;1389308400000|POR000147-000634|T
584a81be8fddee4a8ac1d5c3;[5bbda7a084411f2dd1b873d1];PurchOrder;1388617200000|POR000118-000490|T
584a81be8fddee4a8ac1d05f;[5bbda7a084411f2dd1b873d1];PurchOrder;1390258800000|POR000029-000126|T
584a81be8fddee4a8ac1cfe7;[5bbda7a084411f2dd1b873d1];PurchOrder;1389913200000|POR000022-000094|T
584a81be8fddee4a8ac1d218;[5bbda7a084411f2dd1b873d1];PurchOrder;1388703600000|POR000056-000243|T
584a81be8fddee4a8ac1d484;[5bbda7a084411f2dd1b873d1];PurchOrder;1390172400000|POR000095-000407|T
584a81be8fddee4a8ac1d2a6;[5bbda7a084411f2dd1b873d1];PurchOrder;1390345200000|POR000064-000281|T
584a81be8fddee4a8ac1d044;[5bbda7a084411f2dd1b873d1];PurchOrder;1388703600000|POR000027-000119|T
584a81be8fddee4a8ac1d64c;[5bbda7a084411f2dd1b873d1];PurchOrder;1388703600000|POR000125-000527|T
584a81be8fddee4a8ac1d02e;[5bbda7a084411f2dd1b873d1];PurchOrder;1389222000000|POR000026-000113|T
584a81be8fddee4a8ac1d163;[5bbda7a084411f2dd1b873d1];PurchOrder;1388703600000|POR000047-000194|T
584a81be8fddee4a8ac1d59e;[5bbda7a084411f2dd1b873d1];PurchOrder;1389913200000|POR000114-000481|T
584a81be8fddee4a8ac1d374;[5bbda7a084411f2dd1b873d1];PurchOrder;1389222000000|POR000078-000335|T
584a81be8fddee4a8ac1cefc;[5bbda7a084411f2dd1b873d1];PurchOrder;1389222000000|POR000009-000031|T
584a81be8fddee4a8ac1d49a;[5bbda7a084411f2dd1b873d1];PurchOrder;1390431600000|POR000096-000413|T
584a81be8fddee4a8ac1d202;[5bbda7a084411f2dd1b873d1];PurchOrder;1390345200000|POR000055-000237|T
584a81be8fddee4a8ac1d1ec;[5bbda7a084411f2dd1b873d1];PurchOrder;1389135600000|POR000054-000231|T
584a81be8fddee4a8ac1ced0;[5bbda7a084411f2dd1b873d1];PurchOrder;1388876400000|POR000007-000019|T
584a81be8fddee4a8ac1d7f6;[5bbda7a084411f2dd1b873d1];PurchOrder;1388790000000|POR000149-000641|T
584a81be8fddee4a8ac1cee6;[5bbda7a084411f2dd1b873d1];PurchOrder;1388703600000|POR000008-000025|T
584a81be8fddee4a8ac1cfa0;[5bbda7a084411f2dd1b873d1];PurchOrder;1388790000000|POR000018-000075|T
584a81be8fddee4a8ac1d179;[5bbda7a084411f2dd1b873d1];PurchOrder;1389135600000|POR000048-000200|T
584a81be8fddee4a8ac1d588;[5bbda7a084411f2dd1b873d1];PurchOrder;1389999600000|POR000113-000475|T
584a81be8fddee4a8ac1d25a;[5bbda7a084411f2dd1b873d1];PurchOrder;1389567600000|POR000059-000261|T
584a81be8fddee4a8ac1d572;[5bbda7a084411f2dd1b873d1];PurchOrder;1388703600000|POR000112-000469|T
584a81be8fddee4a8ac1d4bf;[5bbda7a084411f2dd1b873d1];PurchOrder;1389567600000|POR000100-000422|T
584a81be8fddee4a8ac1d557;[5bbda7a084411f2dd1b873d1];PurchOrder;1388876400000|POR000110-000462|T
584a81be8fddee4a8ac1ceb5;[5bbda7a084411f2dd1b873d1];PurchOrder;1388962800000|POR000005-000012|T
584a81be8fddee4a8ac1cffd;[5bbda7a084411f2dd1b873d1];PurchOrder;1389222000000|POR000023-000100|T
584a81be8fddee4a8ac1d013;[5bbda7a084411f2dd1b873d1];PurchOrder;1389394800000|POR000024-000106|T
584a81be8fddee4a8ac1d541;[5bbda7a084411f2dd1b873d1];PurchOrder;1389049200000|POR000109-000456|T
584a81be8fddee4a8ac1d290;[5bbda7a084411f2dd1b873d1];PurchOrder;1389308400000|POR000063-000275|T
584a81be8fddee4a8ac1d4e9;[5bbda7a084411f2dd1b873d1];PurchOrder;1388790000000|POR000105-000432|T
584a81be8fddee4a8ac1d52b;[5bbda7a084411f2dd1b873d1];PurchOrder;1389826800000|POR000108-000450|T
584a81be8fddee4a8ac1d308;[5bbda7a084411f2dd1b873d1];PurchOrder;1390431600000|POR000070-000307|T
584a81be8fddee4a8ac1d1d6;[5bbda7a084411f2dd1b873d1];PurchOrder;1390431600000|POR000053-000225|T
584a81be8fddee4a8ac1cf6f;[5bbda7a084411f2dd1b873d1];PurchOrder;1389049200000|POR000015-000062|T
584a81be8fddee4a8ac1d399;[5bbda7a084411f2dd1b873d1];PurchOrder;1389222000000|POR000082-000344|T
584a81be8fddee4a8ac1d6df;[5bbda7a084411f2dd1b873d1];PurchOrder;1389481200000|POR000134-000566|T
584a81be8fddee4a8ac1d6a9;[5bbda7a084411f2dd1b873d1];PurchOrder;1390345200000|POR000130-000552|T
584a81be8fddee4a8ac1d2bc;[5bbda7a084411f2dd1b873d1];PurchOrder;1390345200000|POR000065-000287|T
584a81be8fddee4a8ac1d4ff;[5bbda7a084411f2dd1b873d1];PurchOrder;1388876400000|POR000106-000438|T
584a81be8fddee4a8ac1d515;[5bbda7a084411f2dd1b873d1];PurchOrder;1389740400000|POR000107-000444|T
584a81be8fddee4a8ac1d6f5;[5bbda7a084411f2dd1b873d1];PurchOrder;1389308400000|POR000135-000572|T
584a81be8fddee4a8ac1d757;[5bbda7a084411f2dd1b873d1];PurchOrder;1388703600000|POR000141-000598|T
584a81be8fddee4a8ac1d1c0;[5bbda7a084411f2dd1b873d1];PurchOrder;1390345200000|POR000052-000219|T
584a81be8fddee4a8ac1d139;[5bbda7a084411f2dd1b873d1];PurchOrder;1388530800000|POR000042-000184|T
584a81be8fddee4a8ac1cf43;[5bbda7a084411f2dd1b873d1];PurchOrder;1390431600000|POR000013-000050|T
584a81be8fddee4a8ac1d3b4;[5bbda7a084411f2dd1b873d1];PurchOrder;1390431600000|POR000084-000351|T
584a81be8fddee4a8ac1d0d7;[5bbda7a084411f2dd1b873d1];PurchOrder;1390431600000|POR000036-000158|T
584a81be8fddee4a8ac1d73c;[5bbda7a084411f2dd1b873d1];PurchOrder;1389394800000|POR000139-000591|T
584a81be8fddee4a8ac1cfbb;[5bbda7a084411f2dd1b873d1];PurchOrder;1390345200000|POR000020-000082|T
584a81be8fddee4a8ac1d1aa;[5bbda7a084411f2dd1b873d1];PurchOrder;1388962800000|POR000051-000213|T
584a81be8fddee4a8ac1cf8a;[5bbda7a084411f2dd1b873d1];PurchOrder;1389222000000|POR000017-000069|T
584a81be8fddee4a8ac1d18f;[5bbda7a084411f2dd1b873d1];PurchOrder;1389567600000|POR000049-000206|T
584a81be8fddee4a8ac1d244;[5bbda7a084411f2dd1b873d1];PurchOrder;1389308400000|POR000058-000255|T
584a81be8fddee4a8ac1d075;[5bbda7a084411f2dd1b873d1];PurchOrder;1389913200000|POR000030-000132|T
584a81be8fddee4a8ac1d3ca;[5bbda7a084411f2dd1b873d1];PurchOrder;1389826800000|POR000085-000357|T
584a81be8fddee4a8ac1d7c5;[5bbda7a084411f2dd1b873d1];PurchOrder;1389394800000|POR000146-000628|T
584a81be8fddee4a8ac1cf12;[5bbda7a084411f2dd1b873d1];PurchOrder;1388962800000|POR000010-000037|T
584a81be8fddee4a8ac1d0bc;[5bbda7a084411f2dd1b873d1];PurchOrder;1389913200000|POR000034-000151|T
584a81be8fddee4a8ac1d799;[5bbda7a084411f2dd1b873d1];PurchOrder;1389567600000|POR000144-000616|T
584a81be8fddee4a8ac1d76d;[5bbda7a084411f2dd1b873d1];PurchOrder;1389567600000|POR000142-000604|T
584a81be8fddee4a8ac1d636;[5bbda7a084411f2dd1b873d1];PurchOrder;1389135600000|POR000124-000521|T
584a81be8fddee4a8ac1d323;[5bbda7a084411f2dd1b873d1];PurchOrder;1389999600000|POR000072-000314|T
584a81be8fddee4a8ac1d3e0;[5bbda7a084411f2dd1b873d1];PurchOrder;1389394800000|POR000086-000363|T
584a81be8fddee4a8ac1d3f6;[5bbda7a084411f2dd1b873d1];PurchOrder;1388617200000|POR000087-000369|T
584a81be8fddee4a8ac1d22e;[5bbda7a084411f2dd1b873d1];PurchOrder;1390172400000|POR000057-000249|T
584a81be8fddee4a8ac1d27a;[5bbda7a084411f2dd1b873d1];PurchOrder;1389049200000|POR000062-000269|T
584a81be8fddee4a8ac1d620;[5bbda7a084411f2dd1b873d1];PurchOrder;1388790000000|POR000123-000515|T
584a81be8fddee4a8ac1d662;[5bbda7a084411f2dd1b873d1];PurchOrder;1389740400000|POR000126-000533|T
584a81be8fddee4a8ac1ce9f;[5bbda7a084411f2dd1b873d1];PurchOrder;1388876400000|POR000004-000006|T
584a81be8fddee4a8ac1d783;[5bbda7a084411f2dd1b873d1];PurchOrder;1388962800000|POR000143-000610|T
584a81be8fddee4a8ac1d60a;[5bbda7a084411f2dd1b873d1];PurchOrder;1389135600000|POR000122-000509|T
584a81be8fddee4a8ac1d726;[5bbda7a084411f2dd1b873d1];PurchOrder;1388530800000|POR000138-000585|T
584a81be8fddee4a8ac1d2d2;[5bbda7a084411f2dd1b873d1];PurchOrder;1389135600000|POR000066-000293|T
584a81be8fddee4a8ac1d40c;[5bbda7a084411f2dd1b873d1];PurchOrder;1388703600000|POR000088-000375|T
584a81be8fddee4a8ac1cf59;[5bbda7a084411f2dd1b873d1];PurchOrder;1389826800000|POR000014-000056|T
584a81be8fddee4a8ac1d422;[5bbda7a084411f2dd1b873d1];PurchOrder;1388703600000|POR000089-000381|T
584a81be8fddee4a8ac1d710;[5bbda7a084411f2dd1b873d1];PurchOrder;1389135600000|POR000137-000579|T
584a81be8fddee4a8ac1d7af;[5bbda7a084411f2dd1b873d1];PurchOrder;1389049200000|POR000145-000622|T
584a81be8fddee4a8ac1d5f4;[5bbda7a084411f2dd1b873d1];PurchOrder;1388876400000|POR000121-000503|T
584a81be8fddee4a8ac1d2e8;[5bbda7a084411f2dd1b873d1];PurchOrder;1389135600000|POR000067-000299|T
584a81be8fddee4a8ac1d339;[5bbda7a084411f2dd1b873d1];PurchOrder;1388703600000|POR000073-000320|T
584a81be8fddee4a8ac1d5de;[5bbda7a084411f2dd1b873d1];PurchOrder;1388530800000|POR000120-000497|T
584a81be8fddee4a8ac1d678;[5bbda7a084411f2dd1b873d1];PurchOrder;1390086000000|POR000127-000539|T
584a81be8fddee4a8ac1d438;[5bbda7a084411f2dd1b873d1];PurchOrder;1388703600000|POR000090-000387|T
584a81be8fddee4a8ac1cfaa;[5bbda7a084411f2dd1b873d1];SalesInvoice;1388703600000|SIN000018-000078|51.52||T|*** TODO @ Brokerage ***
584a81be8fddee4a8ac1d2c6;[5bbda7a084411f2dd1b873d1];SalesInvoice;1390431600000|SIN000065-000290|47.79||T|*** TODO @ Brokerage ***
584a81be8fddee4a8ac1d2dc;[5bbda7a084411f2dd1b873d1];SalesInvoice;1388962800000|SIN000066-000296|17.49||T|*** TODO @ Brokerage ***
584a81be8fddee4a8ac1d2f2;[5bbda7a084411f2dd1b873d1];SalesInvoice;1389049200000|SIN000067-000302|185.76||T|*** TODO @ Brokerage ***
584a81be8fddee4a8ac1d12d;[5bbda7a084411f2dd1b873d1];SalesInvoice;1389222000000|SIN000041-000181|237.16||T|*** TODO @ Brokerage ***
584a81be8fddee4a8ac1cf94;[5bbda7a084411f2dd1b873d1];SalesInvoice;1389308400000|SIN000017-000072|37.05||T|*** TODO @ Brokerage ***
584a81be8fddee4a8ac1d312;[5bbda7a084411f2dd1b873d1];SalesInvoice;1390431600000|SIN000070-000310|130.24||T|*** TODO @ Brokerage ***
584a81be8fddee4a8ac1cf1c;[5bbda7a084411f2dd1b873d1];SalesInvoice;1389049200000|SIN000010-000040|158.76||T|*** TODO @ Brokerage ***
584a81be8fddee4a8ac1d7b9;[5bbda7a084411f2dd1b873d1];SalesInvoice;1388876400000|SIN000145-000625|27.54||T|*** TODO @ Brokerage ***
584a81be8fddee4a8ac1d32d;[5bbda7a084411f2dd1b873d1];SalesInvoice;1390172400000|SIN000072-000317|417.26||T|*** TODO @ Brokerage ***
584a81be8fddee4a8ac1d10d;[5bbda7a084411f2dd1b873d1];SalesInvoice;1389740400000|SIN000038-000173|256.36||T|*** TODO @ Brokerage ***
584a81be8fddee4a8ac1d343;[5bbda7a084411f2dd1b873d1];SalesInvoice;1388530800000|SIN000073-000323|266.64||T|*** TODO @ Brokerage ***
584a81be8fddee4a8ac1d698;[5bbda7a084411f2dd1b873d1];SalesInvoice;1390518000000|SIN000128-000548|188.5||T|*** TODO @ Brokerage ***
584a81be8fddee4a8ac1d746;[5bbda7a084411f2dd1b873d1];SalesInvoice;1389567600000|SIN000139-000594||28|T|*** TODO @ Brokerage ***
584a81be8fddee4a8ac1d0f7;[5bbda7a084411f2dd1b873d1];SalesInvoice;1389999600000|SIN000037-000167|257.32||T|*** TODO @ Brokerage ***
584a81be8fddee4a8ac1d35e;[5bbda7a084411f2dd1b873d1];SalesInvoice;1390172400000|SIN000075-000330|30.52||T|*** TODO @ Brokerage ***
584a81be8fddee4a8ac1d37e;[5bbda7a084411f2dd1b873d1];SalesInvoice;1389308400000|SIN000078-000338|413.44||T|*** TODO @ Brokerage ***
584a81be8fddee4a8ac1cfc5;[5bbda7a084411f2dd1b873d1];SalesInvoice;1390431600000|SIN000020-000085|577.53||T|*** TODO @ Brokerage ***
584a81be8fddee4a8ac1d6b3;[5bbda7a084411f2dd1b873d1];SalesInvoice;1390345200000|SIN000130-000555|48.6||T|*** TODO @ Brokerage ***
584a81be8fddee4a8ac1d3a3;[5bbda7a084411f2dd1b873d1];SalesInvoice;1389222000000|SIN000082-000347|68.13||T|*** TODO @ Brokerage ***
584a81be8fddee4a8ac1d0e1;[5bbda7a084411f2dd1b873d1];SalesInvoice;1390258800000|SIN000036-000161|59.7||T|*** TODO @ Brokerage ***
584a81be8fddee4a8ac1d3be;[5bbda7a084411f2dd1b873d1];SalesInvoice;1390518000000|SIN000084-000354|256.76||T|*** TODO @ Brokerage ***
584a81be8fddee4a8ac1d3d4;[5bbda7a084411f2dd1b873d1];SalesInvoice;1389913200000|SIN000085-000360|12.94||T|*** TODO @ Brokerage ***
584a81be8fddee4a8ac1d3ea;[5bbda7a084411f2dd1b873d1];SalesInvoice;1389567600000|SIN000086-000366|427.34||T|*** TODO @ Brokerage ***
584a81be8fddee4a8ac1ceda;[5bbda7a084411f2dd1b873d1];SalesInvoice;1388962800000|SIN000007-000022|8.91||T|*** TODO @ Brokerage ***
584a81be8fddee4a8ac1d0c6;[5bbda7a084411f2dd1b873d1];SalesInvoice;1389999600000|SIN000034-000154|460.13||T|*** TODO @ Brokerage ***
584a81be8fddee4a8ac1d400;[5bbda7a084411f2dd1b873d1];SalesInvoice;1388617200000|SIN000087-000372|160.92||T|*** TODO @ Brokerage ***
584a81be8fddee4a8ac1d416;[5bbda7a084411f2dd1b873d1];SalesInvoice;1388703600000|SIN000088-000378|219.24||T|*** TODO @ Brokerage ***
584a81be8fddee4a8ac1fdf0;[5bbda7a084411f2dd1b873d1];SalesInvoice;1390518000000|CIT_SIN000166-000033|-37.7||T|*** TODO @ ComplaintHandling ***
584a81be8fddee4a8ac1fda7;[5bbda7a084411f2dd1b873d1];SalesInvoice;1390172400000|CIT_SIN000165-000031|-12.12||T|*** TODO @ ComplaintHandling ***
584a81be8fddee4a8ac1d42c;[5bbda7a084411f2dd1b873d1];SalesInvoice;1388790000000|SIN000089-000384|62.16||T|*** TODO @ Brokerage ***
584a81be8fddee4a8ac1d6d3;[5bbda7a084411f2dd1b873d1];SalesInvoice;1388617200000|SIN000133-000563|282.9||T|*** TODO @ Brokerage ***
584a81be8fddee4a8ac1d442;[5bbda7a084411f2dd1b873d1];SalesInvoice;1388790000000|SIN000090-000390|457.64||T|*** TODO @ Brokerage ***
584a81be8fddee4a8ac1fca0;[5bbda7a084411f2dd1b873d1];SalesInvoice;1388703600000|CIT_SIN000164-000029|-28.6||T|*** TODO @ ComplaintHandling ***
584a81be8fddee4a8ac1cfdb;[5bbda7a084411f2dd1b873d1];SalesInvoice;1388617200000|SIN000021-000091|845.84||T|*** TODO @ Brokerage ***
584a81be8fddee4a8ac1fbe8;[5bbda7a084411f2dd1b873d1];SalesInvoice;1388962800000|CIT_SIN000163-000027|-6.29||T|*** TODO @ ComplaintHandling ***
584a81be8fddee4a8ac1d458;[5bbda7a084411f2dd1b873d1];SalesInvoice;1389135600000|SIN000091-000396|309.76||T|*** TODO @ Brokerage ***
584a81be8fddee4a8ac1f657;[5bbda7a084411f2dd1b873d1];SalesInvoice;1388876400000|CIT_SIN000162-000025|-2.95||T|*** TODO @ ComplaintHandling ***
584a81be8fddee4a8ac1d7a3;[5bbda7a084411f2dd1b873d1];SalesInvoice;1389654000000|SIN000144-000619|842.16||T|*** TODO @ Brokerage ***
584a81be8fddee4a8ac1d46e;[5bbda7a084411f2dd1b873d1];SalesInvoice;1388876400000|SIN000092-000402|58.9||T|*** TODO @ Brokerage ***
584a81be8fddee4a8ac1f3a2;[5bbda7a084411f2dd1b873d1];SalesInvoice;1390086000000|CIT_SIN000161-000023|-41.73||T|*** TODO @ ComplaintHandling ***
584a81be8fddee4a8ac1f043;[5bbda7a084411f2dd1b873d1];SalesInvoice;1389394800000|CIT_SIN000160-000021|-10.82||T|*** TODO @ ComplaintHandling ***
584a81be8fddee4a8ac1cff1;[5bbda7a084411f2dd1b873d1];SalesInvoice;1389999600000|SIN000022-000097|31.28||T|*** TODO @ Brokerage ***
584a81be8fddee4a8ac1d48e;[5bbda7a084411f2dd1b873d1];SalesInvoice;1390258800000|SIN000095-000410|565.44||T|*** TODO @ Brokerage ***
584a81be8fddee4a8ac1d4a4;[5bbda7a084411f2dd1b873d1];SalesInvoice;1390258800000|SIN000096-000416|332.01||T|*** TODO @ Brokerage ***
584a81be8fddee4a8ac1d6e9;[5bbda7a084411f2dd1b873d1];SalesInvoice;1389394800000|SIN000134-000569|282.48||T|*** TODO @ Brokerage ***
584a81be8fddee4a8ac1eeb4;[5bbda7a084411f2dd1b873d1];SalesInvoice;1390518000000|CIT_SIN000159-000019|-21.3||T|*** TODO @ ComplaintHandling ***
584a81be8fddee4a8ac1ee10;[5bbda7a084411f2dd1b873d1];SalesInvoice;1389049200000|CIT_SIN000158-000017|-9.73||T|*** TODO @ ComplaintHandling ***
584a81be8fddee4a8ac1d4c9;[5bbda7a084411f2dd1b873d1];SalesInvoice;1389394800000|SIN000100-000425|147.62||T|*** TODO @ Brokerage ***
584a81be8fddee4a8ac1ecf4;[5bbda7a084411f2dd1b873d1];SalesInvoice;1388617200000|CIT_SIN000157-000016|-12.44||T|*** TODO @ ComplaintHandling ***
584a81be8fddee4a8ac1d007;[5bbda7a084411f2dd1b873d1];SalesInvoice;1389222000000|SIN000023-000103|554.25||T|*** TODO @ Brokerage ***
584a81be8fddee4a8ac1d4f3;[5bbda7a084411f2dd1b873d1];SalesInvoice;1388876400000|SIN000105-000435|67.23||T|*** TODO @ Brokerage ***
584a81be8fddee4a8ac1ebc4;[5bbda7a084411f2dd1b873d1];SalesInvoice;1389999600000|CIT_SIN000156-000015|-69.02||T|*** TODO @ ComplaintHandling ***
584a81be8fddee4a8ac1eb77;[5bbda7a084411f2dd1b873d1];SalesInvoice;1390258800000|CIT_SIN000155-000013|-10.05||T|*** TODO @ ComplaintHandling ***
584a81be8fddee4a8ac1ea5a;[5bbda7a084411f2dd1b873d1];SalesInvoice;1389308400000|CIT_SIN000154-000011|-71.01||T|*** TODO @ ComplaintHandling ***
584a81be8fddee4a8ac1d509;[5bbda7a084411f2dd1b873d1];SalesInvoice;1388876400000|SIN000106-000441|673.4||T|*** TODO @ Brokerage ***
584a81be8fddee4a8ac1d01d;[5bbda7a084411f2dd1b873d1];SalesInvoice;1389308400000|SIN000024-000109|147.19||T|*** TODO @ Brokerage ***
584a81be8fddee4a8ac1e8dd;[5bbda7a084411f2dd1b873d1];SalesInvoice;1390431600000|CIT_SIN000153-000009|-57.75||T|*** TODO @ ComplaintHandling ***
584a81be8fddee4a8ac1d51f;[5bbda7a084411f2dd1b873d1];SalesInvoice;1389567600000|SIN000107-000447|400.2||T|*** TODO @ Brokerage ***
584a81be8fddee4a8ac1d535;[5bbda7a084411f2dd1b873d1];SalesInvoice;1389999600000|SIN000108-000453|368.08||T|*** TODO @ Brokerage ***
584a81be8fddee4a8ac1d07f;[5bbda7a084411f2dd1b873d1];SalesInvoice;1389826800000|SIN000030-000135|21.87||T|*** TODO @ Brokerage ***
584a81be8fddee4a8ac1e8b9;[5bbda7a084411f2dd1b873d1];SalesInvoice;1390431600000|CIT_SIN000153-000007|-115.51||T|*** TODO @ ComplaintHandling ***
584a81be8fddee4a8ac1cf06;[5bbda7a084411f2dd1b873d1];SalesInvoice;1389394800000|SIN000009-000034|102.57||T|*** TODO @ Brokerage ***
584a81be8fddee4a8ac1e828;[5bbda7a084411f2dd1b873d1];SalesInvoice;1389308400000|CIT_SIN000152-000005|-3.71||T|*** TODO @ ComplaintHandling ***
584a81be8fddee4a8ac1d54b;[5bbda7a084411f2dd1b873d1];SalesInvoice;1389135600000|SIN000109-000459||445|T|*** TODO @ Brokerage ***
584a81be8fddee4a8ac1e7c6;[5bbda7a084411f2dd1b873d1];SalesInvoice;1389135600000|CIT_SIN000151-000003|-31.13||T|*** TODO @ ComplaintHandling ***
584a81be8fddee4a8ac1d561;[5bbda7a084411f2dd1b873d1];SalesInvoice;1388962800000|SIN000110-000465|62.92||T|*** TODO @ Brokerage ***
584a81be8fddee4a8ac1e479;[5bbda7a084411f2dd1b873d1];SalesInvoice;1389999600000|CIT_SIN000150-000001|-60.51||T|*** TODO @ ComplaintHandling ***
584a81be8fddee4a8ac1d800;[5bbda7a084411f2dd1b873d1];SalesInvoice;1388876400000|SIN000149-000644|847.44||T|*** TODO @ Brokerage ***
584a81be8fddee4a8ac1d57c;[5bbda7a084411f2dd1b873d1];SalesInvoice;1388790000000|SIN000112-000472|25.68||T|*** TODO @ Brokerage ***
584a81be8fddee4a8ac1d6ff;[5bbda7a084411f2dd1b873d1];SalesInvoice;1389308400000|SIN000135-000575|281.6||T|*** TODO @ Brokerage ***
584a81be8fddee4a8ac1d592;[5bbda7a084411f2dd1b873d1];SalesInvoice;1390086000000|SIN000113-000478|28.84||T|*** TODO @ Brokerage ***
584a81be8fddee4a8ac1d095;[5bbda7a084411f2dd1b873d1];SalesInvoice;1390172400000|SIN000031-000141|257.66||T|*** TODO @ Brokerage ***
584a81be8fddee4a8ac1d038;[5bbda7a084411f2dd1b873d1];SalesInvoice;1389308400000|SIN000026-000116|710.1||T|*** TODO @ Brokerage ***
584a81be8fddee4a8ac1d5a8;[5bbda7a084411f2dd1b873d1];SalesInvoice;1389826800000|SIN000114-000484|304.38||T|*** TODO @ Brokerage ***
584a81be8fddee4a8ac1d78d;[5bbda7a084411f2dd1b873d1];SalesInvoice;1388876400000|SIN000143-000613|44.64||T|*** TODO @ Brokerage ***
584a81be8fddee4a8ac1d777;[5bbda7a084411f2dd1b873d1];SalesInvoice;1389481200000|SIN000142-000607|337.68||T|*** TODO @ Brokerage ***
584a81be8fddee4a8ac1d5cd;[5bbda7a084411f2dd1b873d1];SalesInvoice;1388790000000|SIN000118-000493|572.05||T|*** TODO @ Brokerage ***
584a81be8fddee4a8ac1d761;[5bbda7a084411f2dd1b873d1];SalesInvoice;1388790000000|SIN000141-000601|125.46||T|*** TODO @ Brokerage ***
584a81be8fddee4a8ac1cef0;[5bbda7a084411f2dd1b873d1];SalesInvoice;1388790000000|SIN000008-000028|333.6||T|*** TODO @ Brokerage ***
584a81be8fddee4a8ac1d5e8;[5bbda7a084411f2dd1b873d1];SalesInvoice;1388530800000|SIN000120-000500|520.89||T|*** TODO @ Brokerage ***
584a81be8fddee4a8ac1d71a;[5bbda7a084411f2dd1b873d1];SalesInvoice;1389222000000|SIN000137-000582|771.96||T|*** TODO @ Brokerage ***
584a81be8fddee4a8ac1d7e5;[5bbda7a084411f2dd1b873d1];SalesInvoice;1389308400000|SIN000147-000637|83.46||T|*** TODO @ Brokerage ***
584a81be8fddee4a8ac1d5fe;[5bbda7a084411f2dd1b873d1];SalesInvoice;1389049200000|SIN000121-000506||502|T|*** TODO @ Brokerage ***
584a81be8fddee4a8ac1d614;[5bbda7a084411f2dd1b873d1];SalesInvoice;1389222000000|SIN000122-000512|129.6||T|*** TODO @ Brokerage ***
584a81be8fddee4a8ac1d04e;[5bbda7a084411f2dd1b873d1];SalesInvoice;1388617200000|SIN000027-000122|418.88||T|*** TODO @ Brokerage ***
584a81be8fddee4a8ac1d7cf;[5bbda7a084411f2dd1b873d1];SalesInvoice;1389308400000|SIN000146-000631|384.16||T|*** TODO @ Brokerage ***
584a81be8fddee4a8ac1d62a;[5bbda7a084411f2dd1b873d1];SalesInvoice;1388876400000|SIN000123-000518|354.59||T|*** TODO @ Brokerage ***
584a81be8fddee4a8ac1d0ab;[5bbda7a084411f2dd1b873d1];SalesInvoice;1390258800000|SIN000032-000147|100.5||T|*** TODO @ Brokerage ***
584a81be8fddee4a8ac1d640;[5bbda7a084411f2dd1b873d1];SalesInvoice;1389049200000|SIN000124-000524|392.4||T|*** TODO @ Brokerage ***
584a81be8fddee4a8ac1cf4d;[5bbda7a084411f2dd1b873d1];SalesInvoice;1390431600000|SIN000013-000053|12.18||T|*** TODO @ Brokerage ***
584a81be8fddee4a8ac1d1b4;[5bbda7a084411f2dd1b873d1];SalesInvoice;1389049200000|SIN000051-000216|64.87||T|*** TODO @ Brokerage ***
584a81be8fddee4a8ac1d730;[5bbda7a084411f2dd1b873d1];SalesInvoice;1388530800000|SIN000138-000588|28.22||T|*** TODO @ Brokerage ***
584a81be8fddee4a8ac1d199;[5bbda7a084411f2dd1b873d1];SalesInvoice;1389654000000|SIN000049-000209|416.16||T|*** TODO @ Brokerage ***
584a81be8fddee4a8ac1d069;[5bbda7a084411f2dd1b873d1];SalesInvoice;1390258800000|SIN000029-000129|51.03||T|*** TODO @ Brokerage ***
584a81be8fddee4a8ac1d1ca;[5bbda7a084411f2dd1b873d1];SalesInvoice;1390345200000|SIN000052-000222|15.07||T|*** TODO @ Brokerage ***
584a81be8fddee4a8ac1d1e0;[5bbda7a084411f2dd1b873d1];SalesInvoice;1390518000000|SIN000053-000228|426.06||T|*** TODO @ Brokerage ***
584a81be8fddee4a8ac1d656;[5bbda7a084411f2dd1b873d1];SalesInvoice;1388790000000|SIN000125-000530|359.52||T|*** TODO @ Brokerage ***
584a81be8fddee4a8ac1d1f6;[5bbda7a084411f2dd1b873d1];SalesInvoice;1389222000000|SIN000054-000234|495.6||T|*** TODO @ Brokerage ***
584a81be8fddee4a8ac1d183;[5bbda7a084411f2dd1b873d1];SalesInvoice;1389135600000|SIN000048-000203|89.76||T|*** TODO @ Brokerage ***
584a81be8fddee4a8ac1cf63;[5bbda7a084411f2dd1b873d1];SalesInvoice;1389913200000|SIN000014-000059|20.24||T|*** TODO @ Brokerage ***
584a81be8fddee4a8ac1d20c;[5bbda7a084411f2dd1b873d1];SalesInvoice;1390345200000|SIN000055-000240|594.5||T|*** TODO @ Brokerage ***
584a81be8fddee4a8ac1d222;[5bbda7a084411f2dd1b873d1];SalesInvoice;1388790000000|SIN000056-000246|736.56||T|*** TODO @ Brokerage ***
584a81be8fddee4a8ac1cea9;[5bbda7a084411f2dd1b873d1];SalesInvoice;1388962800000|SIN000004-000009|18.3||T|*** TODO @ Brokerage ***
584a81be8fddee4a8ac1d238;[5bbda7a084411f2dd1b873d1];SalesInvoice;1390172400000|SIN000057-000252|329.34||T|*** TODO @ Brokerage ***
584a81be8fddee4a8ac1d16d;[5bbda7a084411f2dd1b873d1];SalesInvoice;1388876400000|SIN000047-000197|271.45||T|*** TODO @ Brokerage ***
584a81be8fddee4a8ac1d24e;[5bbda7a084411f2dd1b873d1];SalesInvoice;1389308400000|SIN000058-000258||184|T|*** TODO @ Brokerage ***
584a81be8fddee4a8ac1d264;[5bbda7a084411f2dd1b873d1];SalesInvoice;1389654000000|SIN000059-000264|33.32||T|*** TODO @ Brokerage ***
584a81be8fddee4a8ac1cf32;[5bbda7a084411f2dd1b873d1];SalesInvoice;1389999600000|SIN000011-000046|605.07||T|*** TODO @ Brokerage ***
584a81be8fddee4a8ac1cf79;[5bbda7a084411f2dd1b873d1];SalesInvoice;1389135600000|SIN000015-000065|622.5||T|*** TODO @ Brokerage ***
584a81be8fddee4a8ac1d284;[5bbda7a084411f2dd1b873d1];SalesInvoice;1388962800000|SIN000062-000272|314.58||T|*** TODO @ Brokerage ***
584a81be8fddee4a8ac1d66c;[5bbda7a084411f2dd1b873d1];SalesInvoice;1389740400000|SIN000126-000536|626.4||T|*** TODO @ Brokerage ***
584a81be8fddee4a8ac1d143;[5bbda7a084411f2dd1b873d1];SalesInvoice;1388530800000|SIN000042-000187|124.4||T|*** TODO @ Brokerage ***
584a81be8fddee4a8ac1cebf;[5bbda7a084411f2dd1b873d1];SalesInvoice;1388962800000|SIN000005-000015|72.16||T|*** TODO @ Brokerage ***
584a81be8fddee4a8ac1d29a;[5bbda7a084411f2dd1b873d1];SalesInvoice;1389222000000|SIN000063-000278|108.15||T|*** TODO @ Brokerage ***
584a81be8fddee4a8ac1d2b0;[5bbda7a084411f2dd1b873d1];SalesInvoice;1390518000000|SIN000064-000284||294|T|*** TODO @ Brokerage ***
584a81be8fddee4a8ac1d682;[5bbda7a084411f2dd1b873d1];SalesInvoice;1390172400000|SIN000127-000542|121.2||T|*** TODO @ Brokerage ***
584a81be8fddee4a8ac1d7aa;[5bbda7a084411f2dd1b873d1];SalesOrder;1388876400000|1389222000000|SOR000145-000621|T
584a81be8fddee4a8ac1d605;[5bbda7a084411f2dd1b873d1];SalesOrder;1388962800000|1389222000000|SOR000122-000508|T
584a81be8fddee4a8ac1ceb0;[5bbda7a084411f2dd1b873d1];SalesOrder;1388962800000|1389308400000|SOR000005-000011|T
584a81be8fddee4a8ac1d407;[5bbda7a084411f2dd1b873d1];SalesOrder;1388530800000|1388876400000|SOR000088-000374|T
584a81be8fddee4a8ac1d0b7;[5bbda7a084411f2dd1b873d1];SalesOrder;1389740400000|1389913200000|SOR000034-000150|T
584a81be8fddee4a8ac1d23f;[5bbda7a084411f2dd1b873d1];SalesOrder;1389135600000|1389481200000|SOR000058-000254|T
584a81be8fddee4a8ac1d2cd;[5bbda7a084411f2dd1b873d1];SalesOrder;1388962800000|1389308400000|SOR000066-000292|T
584a81be8fddee4a8ac1d7c0;[5bbda7a084411f2dd1b873d1];SalesOrder;1389222000000|1389567600000|SOR000146-000627|T
584a81be8fddee4a8ac1cef7;[5bbda7a084411f2dd1b873d1];SalesOrder;1389135600000|1389394800000|SOR000009-000030|T
584a81be8fddee4a8ac1d6c4;[5bbda7a084411f2dd1b873d1];SalesOrder;1388530800000|1388790000000|SOR000133-000559|T
584a81be8fddee4a8ac1d61b;[5bbda7a084411f2dd1b873d1];SalesOrder;1388617200000|1388962800000|SOR000123-000514|T
584a81be8fddee4a8ac1d255;[5bbda7a084411f2dd1b873d1];SalesOrder;1389394800000|1389740400000|SOR000059-000260|T
584a81be8fddee4a8ac1d3f1;[5bbda7a084411f2dd1b873d1];SalesOrder;1388617200000|1388962800000|SOR000087-000368|T
584a81be8fddee4a8ac1d3db;[5bbda7a084411f2dd1b873d1];SalesOrder;1389308400000|1389654000000|SOR000086-000362|T
584a81be8fddee4a8ac1cf23;[5bbda7a084411f2dd1b873d1];SalesOrder;1389740400000|1389913200000|SOR000011-000042|T
584a81be8fddee4a8ac1d0d2;[5bbda7a084411f2dd1b873d1];SalesOrder;1390258800000|1390604400000|SOR000036-000157|T
584a81be8fddee4a8ac1d631;[5bbda7a084411f2dd1b873d1];SalesOrder;1389049200000|1389394800000|SOR000124-000520|T
584a81be8fddee4a8ac1d65d;[5bbda7a084411f2dd1b873d1];SalesOrder;1389567600000|1389913200000|SOR000126-000532|T
584a81be8fddee4a8ac1d3c5;[5bbda7a084411f2dd1b873d1];SalesOrder;1389654000000|1389999600000|SOR000085-000356|T
584a81be8fddee4a8ac1d303;[5bbda7a084411f2dd1b873d1];SalesOrder;1390258800000|1390518000000|SOR000070-000306|T
584a81be8fddee4a8ac1d1a5;[5bbda7a084411f2dd1b873d1];SalesOrder;1388790000000|1388962800000|SOR000051-000212|T
584a81be8fddee4a8ac1d05a;[5bbda7a084411f2dd1b873d1];SalesOrder;1390086000000|1390431600000|SOR000029-000125|T
584a81be8fddee4a8ac1d721;[5bbda7a084411f2dd1b873d1];SalesOrder;1388530800000|1388876400000|SOR000138-000584|T
584a81be8fddee4a8ac1d3af;[5bbda7a084411f2dd1b873d1];SalesOrder;1390258800000|1390518000000|SOR000084-000350|T
584a81be8fddee4a8ac1d737;[5bbda7a084411f2dd1b873d1];SalesOrder;1389308400000|1389567600000|SOR000139-000590|T
584a81be8fddee4a8ac1d18a;[5bbda7a084411f2dd1b873d1];SalesOrder;1389394800000|1389740400000|SOR000049-000205|T
584a81be8fddee4a8ac1cf6a;[5bbda7a084411f2dd1b873d1];SalesOrder;1388876400000|1389049200000|SOR000015-000061|T
584a81be8fddee4a8ac1d134;[5bbda7a084411f2dd1b873d1];SalesOrder;1388530800000|1388876400000|SOR000042-000183|T
584a81be8fddee4a8ac1cfb6;[5bbda7a084411f2dd1b873d1];SalesOrder;1390172400000|1390345200000|SOR000020-000081|T
584a81be8fddee4a8ac1d1bb;[5bbda7a084411f2dd1b873d1];SalesOrder;1390258800000|1390518000000|SOR000052-000218|T
584a81be8fddee4a8ac1d275;[5bbda7a084411f2dd1b873d1];SalesOrder;1388962800000|1389308400000|SOR000062-000268|T
584a81be8fddee4a8ac1cecb;[5bbda7a084411f2dd1b873d1];SalesOrder;1388703600000|1388962800000|SOR000007-000018|T
584a81be8fddee4a8ac1d394;[5bbda7a084411f2dd1b873d1];SalesOrder;1389222000000|1389567600000|SOR000082-000343|T
584a81be8fddee4a8ac1cf3e;[5bbda7a084411f2dd1b873d1];SalesOrder;1390258800000|1390518000000|SOR000013-000049|T
584a81be8fddee4a8ac1d36f;[5bbda7a084411f2dd1b873d1];SalesOrder;1389049200000|1389394800000|SOR000078-000334|T
584a81be8fddee4a8ac1d1d1;[5bbda7a084411f2dd1b873d1];SalesOrder;1390258800000|1390431600000|SOR000053-000224|T
584a81be8fddee4a8ac1d2a1;[5bbda7a084411f2dd1b873d1];SalesOrder;1390258800000|1390604400000|SOR000064-000280|T
584a81be8fddee4a8ac1d647;[5bbda7a084411f2dd1b873d1];SalesOrder;1388530800000|1388790000000|SOR000125-000526|T
584a81be8fddee4a8ac1d2b7;[5bbda7a084411f2dd1b873d1];SalesOrder;1390258800000|1390604400000|SOR000065-000286|T
584a81be8fddee4a8ac1d4fa;[5bbda7a084411f2dd1b873d1];SalesOrder;1388876400000|1389222000000|SOR000106-000437|T
584a81be8fddee4a8ac1cf54;[5bbda7a084411f2dd1b873d1];SalesOrder;1389740400000|1390086000000|SOR000014-000055|T
584a81be8fddee4a8ac1d1e7;[5bbda7a084411f2dd1b873d1];SalesOrder;1388962800000|1389222000000|SOR000054-000230|T
584a81be8fddee4a8ac1d2e3;[5bbda7a084411f2dd1b873d1];SalesOrder;1389049200000|1389394800000|SOR000067-000298|T
584a81be8fddee4a8ac1ce9a;[5bbda7a084411f2dd1b873d1];SalesOrder;1388703600000|1389049200000|SOR000004-000005|T
584a81be8fddee4a8ac1d526;[5bbda7a084411f2dd1b873d1];SalesOrder;1389740400000|1390086000000|SOR000108-000449|T
584a81be8fddee4a8ac1d6da;[5bbda7a084411f2dd1b873d1];SalesOrder;1389308400000|1389654000000|SOR000134-000565|T
584a81be8fddee4a8ac1d6a4;[5bbda7a084411f2dd1b873d1];SalesOrder;1390172400000|1390431600000|SOR000130-000551|T
584a81be8fddee4a8ac1d768;[5bbda7a084411f2dd1b873d1];SalesOrder;1389394800000|1389654000000|SOR000142-000603|T
584a81be8fddee4a8ac1d00e;[5bbda7a084411f2dd1b873d1];SalesOrder;1389222000000|1389567600000|SOR000024-000105|T
584a81be8fddee4a8ac1d0e8;[5bbda7a084411f2dd1b873d1];SalesOrder;1389740400000|1389999600000|SOR000037-000163|T
584a81be8fddee4a8ac1d53c;[5bbda7a084411f2dd1b873d1];SalesOrder;1388962800000|1389308400000|SOR000109-000455|T
584a81be8fddee4a8ac1d5ef;[5bbda7a084411f2dd1b873d1];SalesOrder;1388790000000|1389135600000|SOR000121-000502|T
584a81be8fddee4a8ac1d086;[5bbda7a084411f2dd1b873d1];SalesOrder;1389913200000|1390172400000|SOR000031-000137|T
584a81be8fddee4a8ac1d4e4;[5bbda7a084411f2dd1b873d1];SalesOrder;1388617200000|1388962800000|SOR000105-000431|T
584a81be8fddee4a8ac1d552;[5bbda7a084411f2dd1b873d1];SalesOrder;1388703600000|1388876400000|SOR000110-000461|T
584a81be8fddee4a8ac1cff8;[5bbda7a084411f2dd1b873d1];SalesOrder;1389135600000|1389481200000|SOR000023-000099|T
584a81be8fddee4a8ac1d174;[5bbda7a084411f2dd1b873d1];SalesOrder;1389135600000|1389481200000|SOR000048-000199|T
584a81be8fddee4a8ac1d1fd;[5bbda7a084411f2dd1b873d1];SalesOrder;1390172400000|1390518000000|SOR000055-000236|T
584a81be8fddee4a8ac1d6f0;[5bbda7a084411f2dd1b873d1];SalesOrder;1389222000000|1389567600000|SOR000135-000571|T
584a81be8fddee4a8ac1d510;[5bbda7a084411f2dd1b873d1];SalesOrder;1389567600000|1389913200000|SOR000107-000443|T
584a81be8fddee4a8ac1cee1;[5bbda7a084411f2dd1b873d1];SalesOrder;1388530800000|1388876400000|SOR000008-000024|T
584a81be8fddee4a8ac1d4ba;[5bbda7a084411f2dd1b873d1];SalesOrder;1389394800000|1389740400000|SOR000100-000421|T
584a81be8fddee4a8ac1cf9b;[5bbda7a084411f2dd1b873d1];SalesOrder;1388617200000|1388962800000|SOR000018-000074|T
584a81be8fddee4a8ac1d7f1;[5bbda7a084411f2dd1b873d1];SalesOrder;1388617200000|1388876400000|SOR000149-000640|T
584a81be8fddee4a8ac1d56d;[5bbda7a084411f2dd1b873d1];SalesOrder;1388530800000|1388876400000|SOR000112-000468|T
584a81be8fddee4a8ac1d213;[5bbda7a084411f2dd1b873d1];SalesOrder;1388530800000|1388876400000|SOR000056-000242|T
584a81be8fddee4a8ac1d673;[5bbda7a084411f2dd1b873d1];SalesOrder;1389913200000|1390172400000|SOR000127-000538|T
584a81be8fddee4a8ac1d583;[5bbda7a084411f2dd1b873d1];SalesOrder;1389999600000|1390345200000|SOR000113-000474|T
584a81be8fddee4a8ac1d34f;[5bbda7a084411f2dd1b873d1];SalesOrder;1389913200000|1390258800000|SOR000075-000326|T
584a81be8fddee4a8ac1d070;[5bbda7a084411f2dd1b873d1];SalesOrder;1389826800000|1390172400000|SOR000030-000131|T
584a81be8fddee4a8ac1d752;[5bbda7a084411f2dd1b873d1];SalesOrder;1388530800000|1388876400000|SOR000141-000597|T
584a81be8fddee4a8ac1d15e;[5bbda7a084411f2dd1b873d1];SalesOrder;1388703600000|1389049200000|SOR000047-000193|T
584a81be8fddee4a8ac1d029;[5bbda7a084411f2dd1b873d1];SalesOrder;1389049200000|1389222000000|SOR000026-000112|T
584a81be8fddee4a8ac1d334;[5bbda7a084411f2dd1b873d1];SalesOrder;1388530800000|1388876400000|SOR000073-000319|T
584a81be8fddee4a8ac1d77e;[5bbda7a084411f2dd1b873d1];SalesOrder;1388790000000|1389135600000|SOR000143-000609|T
584a81be8fddee4a8ac1d599;[5bbda7a084411f2dd1b873d1];SalesOrder;1389740400000|1390086000000|SOR000114-000480|T
584a81be8fddee4a8ac1d31e;[5bbda7a084411f2dd1b873d1];SalesOrder;1389913200000|1390172400000|SOR000072-000313|T
584a81be8fddee4a8ac1d689;[5bbda7a084411f2dd1b873d1];SalesOrder;1390258800000|1390431600000|SOR000128-000544|T
584a81be8fddee4a8ac1d495;[5bbda7a084411f2dd1b873d1];SalesOrder;1390258800000|1390604400000|SOR000096-000412|T
584a81be8fddee4a8ac1d09c;[5bbda7a084411f2dd1b873d1];SalesOrder;1389999600000|1390172400000|SOR000032-000143|T
584a81be8fddee4a8ac1d47f;[5bbda7a084411f2dd1b873d1];SalesOrder;1389999600000|1390258800000|SOR000095-000406|T
584a81be8fddee4a8ac1d794;[5bbda7a084411f2dd1b873d1];SalesOrder;1389394800000|1389654000000|SOR000144-000615|T
584a81be8fddee4a8ac1d45f;[5bbda7a084411f2dd1b873d1];SalesOrder;1388617200000|1388790000000|SOR000092-000398|T
584a81be8fddee4a8ac1cfe2;[5bbda7a084411f2dd1b873d1];SalesOrder;1389740400000|1390086000000|SOR000022-000093|T
584a81be8fddee4a8ac1d229;[5bbda7a084411f2dd1b873d1];SalesOrder;1389999600000|1390345200000|SOR000057-000248|T
584a81be8fddee4a8ac1d28b;[5bbda7a084411f2dd1b873d1];SalesOrder;1389135600000|1389308400000|SOR000063-000274|T
584a81be8fddee4a8ac1d7d6;[5bbda7a084411f2dd1b873d1];SalesOrder;1389308400000|1389654000000|SOR000147-000633|T
584a81be8fddee4a8ac1d5be;[5bbda7a084411f2dd1b873d1];SalesOrder;1388530800000|1388876400000|SOR000118-000489|T
584a81be8fddee4a8ac1d70b;[5bbda7a084411f2dd1b873d1];SalesOrder;1389049200000|1389394800000|SOR000137-000578|T
584a81be8fddee4a8ac1cf85;[5bbda7a084411f2dd1b873d1];SalesOrder;1389049200000|1389222000000|SOR000017-000068|T
584a81be8fddee4a8ac1d449;[5bbda7a084411f2dd1b873d1];SalesOrder;1388876400000|1389135600000|SOR000091-000392|T
584a81be8fddee4a8ac1d5d9;[5bbda7a084411f2dd1b873d1];SalesOrder;1388530800000|1388876400000|SOR000120-000496|T
584a81be8fddee4a8ac1cf0d;[5bbda7a084411f2dd1b873d1];SalesOrder;1388790000000|1389135600000|SOR000010-000036|T
584a81be8fddee4a8ac1d0fe;[5bbda7a084411f2dd1b873d1];SalesOrder;1389567600000|1389913200000|SOR000038-000169|T
584a81be8fddee4a8ac1d433;[5bbda7a084411f2dd1b873d1];SalesOrder;1388530800000|1388876400000|SOR000090-000386|T
584a81be8fddee4a8ac1d41d;[5bbda7a084411f2dd1b873d1];SalesOrder;1388530800000|1388876400000|SOR000089-000380|T
584a81be8fddee4a8ac1d11e;[5bbda7a084411f2dd1b873d1];SalesOrder;1388962800000|1389222000000|SOR000041-000177|T
584a81be8fddee4a8ac1cfcc;[5bbda7a084411f2dd1b873d1];SalesOrder;1388530800000|1388876400000|SOR000021-000087|T
584a81be8fddee4a8ac1d03f;[5bbda7a084411f2dd1b873d1];SalesOrder;1388530800000|1388876400000|SOR000027-000118|T
584a81be8fddee4a8ac1d1b7;[5bbda7a084411f2dd1b873d1];SalesQuotation;1388530800000|SQN000052-000217|T
584a81be8fddee4a8ac1ce87;[5bbda7a084411f2dd1b873d1];SalesQuotation;1388530800000|SQN000001-000001|T
584a81be8fddee4a8ac1ce8c;[5bbda7a084411f2dd1b873d1];SalesQuotation;1388530800000|SQN000002-000002|T
584a81be8fddee4a8ac1ce91;[5bbda7a084411f2dd1b873d1];SalesQuotation;1388530800000|SQN000003-000003|T
584a81be8fddee4a8ac1ce96;[5bbda7a084411f2dd1b873d1];SalesQuotation;1388530800000|SQN000004-000004|T
584a81be8fddee4a8ac1ceac;[5bbda7a084411f2dd1b873d1];SalesQuotation;1388530800000|SQN000005-000010|T
584a81be8fddee4a8ac1cec2;[5bbda7a084411f2dd1b873d1];SalesQuotation;1388530800000|SQN000006-000016|T
584a81be8fddee4a8ac1cec7;[5bbda7a084411f2dd1b873d1];SalesQuotation;1388530800000|SQN000007-000017|T
584a81be8fddee4a8ac1cedd;[5bbda7a084411f2dd1b873d1];SalesQuotation;1388530800000|SQN000008-000023|T
584a81be8fddee4a8ac1cef3;[5bbda7a084411f2dd1b873d1];SalesQuotation;1388530800000|SQN000009-000029|T
584a81be8fddee4a8ac1cf09;[5bbda7a084411f2dd1b873d1];SalesQuotation;1388530800000|SQN000010-000035|T
584a81be8fddee4a8ac1cf1f;[5bbda7a084411f2dd1b873d1];SalesQuotation;1388530800000|SQN000011-000041|T
584a81be8fddee4a8ac1cf35;[5bbda7a084411f2dd1b873d1];SalesQuotation;1388530800000|SQN000012-000047|T
584a81be8fddee4a8ac1cf3a;[5bbda7a084411f2dd1b873d1];SalesQuotation;1388530800000|SQN000013-000048|T
584a81be8fddee4a8ac1cf50;[5bbda7a084411f2dd1b873d1];SalesQuotation;1388530800000|SQN000014-000054|T
584a81be8fddee4a8ac1cf66;[5bbda7a084411f2dd1b873d1];SalesQuotation;1388530800000|SQN000015-000060|T
584a81be8fddee4a8ac1cf7c;[5bbda7a084411f2dd1b873d1];SalesQuotation;1388530800000|SQN000016-000066|T
584a81be8fddee4a8ac1cf81;[5bbda7a084411f2dd1b873d1];SalesQuotation;1388530800000|SQN000017-000067|T
584a81be8fddee4a8ac1cf97;[5bbda7a084411f2dd1b873d1];SalesQuotation;1388530800000|SQN000018-000073|T
584a81be8fddee4a8ac1cfad;[5bbda7a084411f2dd1b873d1];SalesQuotation;1388530800000|SQN000019-000079|T
584a81be8fddee4a8ac1cfb2;[5bbda7a084411f2dd1b873d1];SalesQuotation;1388530800000|SQN000020-000080|T
584a81be8fddee4a8ac1cfc8;[5bbda7a084411f2dd1b873d1];SalesQuotation;1388530800000|SQN000021-000086|T
584a81be8fddee4a8ac1cfde;[5bbda7a084411f2dd1b873d1];SalesQuotation;1388530800000|SQN000022-000092|T
584a81be8fddee4a8ac1cff4;[5bbda7a084411f2dd1b873d1];SalesQuotation;1388530800000|SQN000023-000098|T
584a81be8fddee4a8ac1d00a;[5bbda7a084411f2dd1b873d1];SalesQuotation;1388530800000|SQN000024-000104|T
584a81be8fddee4a8ac1d020;[5bbda7a084411f2dd1b873d1];SalesQuotation;1388530800000|SQN000025-000110|T
584a81be8fddee4a8ac1d025;[5bbda7a084411f2dd1b873d1];SalesQuotation;1388530800000|SQN000026-000111|T
584a81be8fddee4a8ac1d03b;[5bbda7a084411f2dd1b873d1];SalesQuotation;1388530800000|SQN000027-000117|T
584a81be8fddee4a8ac1d051;[5bbda7a084411f2dd1b873d1];SalesQuotation;1388530800000|SQN000028-000123|T
584a81be8fddee4a8ac1d056;[5bbda7a084411f2dd1b873d1];SalesQuotation;1388530800000|SQN000029-000124|T
584a81be8fddee4a8ac1d06c;[5bbda7a084411f2dd1b873d1];SalesQuotation;1388530800000|SQN000030-000130|T
584a81be8fddee4a8ac1d082;[5bbda7a084411f2dd1b873d1];SalesQuotation;1388530800000|SQN000031-000136|T
584a81be8fddee4a8ac1d098;[5bbda7a084411f2dd1b873d1];SalesQuotation;1388530800000|SQN000032-000142|T
584a81be8fddee4a8ac1d0ae;[5bbda7a084411f2dd1b873d1];SalesQuotation;1388530800000|SQN000033-000148|T
584a81be8fddee4a8ac1d0b3;[5bbda7a084411f2dd1b873d1];SalesQuotation;1388530800000|SQN000034-000149|T
584a81be8fddee4a8ac1d0c9;[5bbda7a084411f2dd1b873d1];SalesQuotation;1388530800000|SQN000035-000155|T
584a81be8fddee4a8ac1d0ce;[5bbda7a084411f2dd1b873d1];SalesQuotation;1388530800000|SQN000036-000156|T
584a81be8fddee4a8ac1d0e4;[5bbda7a084411f2dd1b873d1];SalesQuotation;1388530800000|SQN000037-000162|T
584a81be8fddee4a8ac1d0fa;[5bbda7a084411f2dd1b873d1];SalesQuotation;1388530800000|SQN000038-000168|T
584a81be8fddee4a8ac1d110;[5bbda7a084411f2dd1b873d1];SalesQuotation;1388530800000|SQN000039-000174|T
584a81be8fddee4a8ac1d115;[5bbda7a084411f2dd1b873d1];SalesQuotation;1388530800000|SQN000040-000175|T
584a81be8fddee4a8ac1d11a;[5bbda7a084411f2dd1b873d1];SalesQuotation;1388530800000|SQN000041-000176|T
584a81be8fddee4a8ac1d130;[5bbda7a084411f2dd1b873d1];SalesQuotation;1388530800000|SQN000042-000182|T
584a81be8fddee4a8ac1d146;[5bbda7a084411f2dd1b873d1];SalesQuotation;1388530800000|SQN000043-000188|T
584a81be8fddee4a8ac1d14b;[5bbda7a084411f2dd1b873d1];SalesQuotation;1388530800000|SQN000044-000189|T
584a81be8fddee4a8ac1d150;[5bbda7a084411f2dd1b873d1];SalesQuotation;1388530800000|SQN000045-000190|T
584a81be8fddee4a8ac1d155;[5bbda7a084411f2dd1b873d1];SalesQuotation;1388530800000|SQN000046-000191|T
584a81be8fddee4a8ac1d15a;[5bbda7a084411f2dd1b873d1];SalesQuotation;1388530800000|SQN000047-000192|T
584a81be8fddee4a8ac1d170;[5bbda7a084411f2dd1b873d1];SalesQuotation;1388530800000|SQN000048-000198|T
584a81be8fddee4a8ac1d186;[5bbda7a084411f2dd1b873d1];SalesQuotation;1388530800000|SQN000049-000204|T
584a81be8fddee4a8ac1d19c;[5bbda7a084411f2dd1b873d1];SalesQuotation;1388530800000|SQN000050-000210|T
584a81be8fddee4a8ac1d1a1;[5bbda7a084411f2dd1b873d1];SalesQuotation;1388530800000|SQN000051-000211|T
584a81be8fddee4a8ac1d1cd;[5bbda7a084411f2dd1b873d1];SalesQuotation;1388530800000|SQN000053-000223|T
584a81be8fddee4a8ac1d1e3;[5bbda7a084411f2dd1b873d1];SalesQuotation;1388530800000|SQN000054-000229|T
584a81be8fddee4a8ac1d1f9;[5bbda7a084411f2dd1b873d1];SalesQuotation;1388530800000|SQN000055-000235|T
584a81be8fddee4a8ac1d20f;[5bbda7a084411f2dd1b873d1];SalesQuotation;1388530800000|SQN000056-000241|T
584a81be8fddee4a8ac1d225;[5bbda7a084411f2dd1b873d1];SalesQuotation;1388530800000|SQN000057-000247|T
584a81be8fddee4a8ac1d23b;[5bbda7a084411f2dd1b873d1];SalesQuotation;1388530800000|SQN000058-000253|T
584a81be8fddee4a8ac1d251;[5bbda7a084411f2dd1b873d1];SalesQuotation;1388530800000|SQN000059-000259|T
584a81be8fddee4a8ac1d267;[5bbda7a084411f2dd1b873d1];SalesQuotation;1388530800000|SQN000060-000265|T
584a81be8fddee4a8ac1d26c;[5bbda7a084411f2dd1b873d1];SalesQuotation;1388530800000|SQN000061-000266|T
584a81be8fddee4a8ac1d271;[5bbda7a084411f2dd1b873d1];SalesQuotation;1388530800000|SQN000062-000267|T
584a81be8fddee4a8ac1d287;[5bbda7a084411f2dd1b873d1];SalesQuotation;1388530800000|SQN000063-000273|T
584a81be8fddee4a8ac1d29d;[5bbda7a084411f2dd1b873d1];SalesQuotation;1388530800000|SQN000064-000279|T
584a81be8fddee4a8ac1d2b3;[5bbda7a084411f2dd1b873d1];SalesQuotation;1388530800000|SQN000065-000285|T
584a81be8fddee4a8ac1d2c9;[5bbda7a084411f2dd1b873d1];SalesQuotation;1388530800000|SQN000066-000291|T
584a81be8fddee4a8ac1d2df;[5bbda7a084411f2dd1b873d1];SalesQuotation;1388530800000|SQN000067-000297|T
584a81be8fddee4a8ac1d2f5;[5bbda7a084411f2dd1b873d1];SalesQuotation;1388530800000|SQN000068-000303|T
584a81be8fddee4a8ac1d2fa;[5bbda7a084411f2dd1b873d1];SalesQuotation;1388530800000|SQN000069-000304|T
584a81be8fddee4a8ac1d2ff;[5bbda7a084411f2dd1b873d1];SalesQuotation;1388530800000|SQN000070-000305|T
584a81be8fddee4a8ac1d315;[5bbda7a084411f2dd1b873d1];SalesQuotation;1388530800000|SQN000071-000311|T
584a81be8fddee4a8ac1d31a;[5bbda7a084411f2dd1b873d1];SalesQuotation;1388530800000|SQN000072-000312|T
584a81be8fddee4a8ac1d330;[5bbda7a084411f2dd1b873d1];SalesQuotation;1388530800000|SQN000073-000318|T
584a81be8fddee4a8ac1d346;[5bbda7a084411f2dd1b873d1];SalesQuotation;1388530800000|SQN000074-000324|T
584a81be8fddee4a8ac1d34b;[5bbda7a084411f2dd1b873d1];SalesQuotation;1388530800000|SQN000075-000325|T
584a81be8fddee4a8ac1d361;[5bbda7a084411f2dd1b873d1];SalesQuotation;1388530800000|SQN000076-000331|T
584a81be8fddee4a8ac1d366;[5bbda7a084411f2dd1b873d1];SalesQuotation;1388530800000|SQN000077-000332|T
584a81be8fddee4a8ac1d36b;[5bbda7a084411f2dd1b873d1];SalesQuotation;1388530800000|SQN000078-000333|T
584a81be8fddee4a8ac1d381;[5bbda7a084411f2dd1b873d1];SalesQuotation;1388530800000|SQN000079-000339|T
584a81be8fddee4a8ac1d386;[5bbda7a084411f2dd1b873d1];SalesQuotation;1388530800000|SQN000080-000340|T
584a81be8fddee4a8ac1d38b;[5bbda7a084411f2dd1b873d1];SalesQuotation;1388530800000|SQN000081-000341|T
584a81be8fddee4a8ac1d390;[5bbda7a084411f2dd1b873d1];SalesQuotation;1388530800000|SQN000082-000342|T
584a81be8fddee4a8ac1d3a6;[5bbda7a084411f2dd1b873d1];SalesQuotation;1388530800000|SQN000083-000348|T
584a81be8fddee4a8ac1d3ab;[5bbda7a084411f2dd1b873d1];SalesQuotation;1388530800000|SQN000084-000349|T
584a81be8fddee4a8ac1d3c1;[5bbda7a084411f2dd1b873d1];SalesQuotation;1388530800000|SQN000085-000355|T
584a81be8fddee4a8ac1d3d7;[5bbda7a084411f2dd1b873d1];SalesQuotation;1388530800000|SQN000086-000361|T
584a81be8fddee4a8ac1d3ed;[5bbda7a084411f2dd1b873d1];SalesQuotation;1388530800000|SQN000087-000367|T
584a81be8fddee4a8ac1d403;[5bbda7a084411f2dd1b873d1];SalesQuotation;1388530800000|SQN000088-000373|T
584a81be8fddee4a8ac1d419;[5bbda7a084411f2dd1b873d1];SalesQuotation;1388530800000|SQN000089-000379|T
584a81be8fddee4a8ac1d42f;[5bbda7a084411f2dd1b873d1];SalesQuotation;1388530800000|SQN000090-000385|T
584a81be8fddee4a8ac1d445;[5bbda7a084411f2dd1b873d1];SalesQuotation;1388530800000|SQN000091-000391|T
584a81be8fddee4a8ac1d45b;[5bbda7a084411f2dd1b873d1];SalesQuotation;1388530800000|SQN000092-000397|T
584a81be8fddee4a8ac1d471;[5bbda7a084411f2dd1b873d1];SalesQuotation;1388530800000|SQN000093-000403|T
584a81be8fddee4a8ac1d476;[5bbda7a084411f2dd1b873d1];SalesQuotation;1388530800000|SQN000094-000404|T
584a81be8fddee4a8ac1d47b;[5bbda7a084411f2dd1b873d1];SalesQuotation;1388530800000|SQN000095-000405|T
584a81be8fddee4a8ac1d491;[5bbda7a084411f2dd1b873d1];SalesQuotation;1388530800000|SQN000096-000411|T
584a81be8fddee4a8ac1d4a7;[5bbda7a084411f2dd1b873d1];SalesQuotation;1388530800000|SQN000097-000417|T
584a81be8fddee4a8ac1d4ac;[5bbda7a084411f2dd1b873d1];SalesQuotation;1388530800000|SQN000098-000418|T
584a81be8fddee4a8ac1d4b1;[5bbda7a084411f2dd1b873d1];SalesQuotation;1388530800000|SQN000099-000419|T
584a81be8fddee4a8ac1d4b6;[5bbda7a084411f2dd1b873d1];SalesQuotation;1388530800000|SQN000100-000420|T
584a81be8fddee4a8ac1d4cc;[5bbda7a084411f2dd1b873d1];SalesQuotation;1388530800000|SQN000101-000426|T
584a81be8fddee4a8ac1d4d1;[5bbda7a084411f2dd1b873d1];SalesQuotation;1388530800000|SQN000102-000427|T
584a81be8fddee4a8ac1d4d6;[5bbda7a084411f2dd1b873d1];SalesQuotation;1388530800000|SQN000103-000428|T
584a81be8fddee4a8ac1d4db;[5bbda7a084411f2dd1b873d1];SalesQuotation;1388530800000|SQN000104-000429|T
584a81be8fddee4a8ac1d4e0;[5bbda7a084411f2dd1b873d1];SalesQuotation;1388530800000|SQN000105-000430|T
584a81be8fddee4a8ac1d4f6;[5bbda7a084411f2dd1b873d1];SalesQuotation;1388530800000|SQN000106-000436|T
584a81be8fddee4a8ac1d50c;[5bbda7a084411f2dd1b873d1];SalesQuotation;1388530800000|SQN000107-000442|T
584a81be8fddee4a8ac1d522;[5bbda7a084411f2dd1b873d1];SalesQuotation;1388530800000|SQN000108-000448|T
584a81be8fddee4a8ac1d538;[5bbda7a084411f2dd1b873d1];SalesQuotation;1388530800000|SQN000109-000454|T
584a81be8fddee4a8ac1d54e;[5bbda7a084411f2dd1b873d1];SalesQuotation;1388530800000|SQN000110-000460|T
584a81be8fddee4a8ac1d564;[5bbda7a084411f2dd1b873d1];SalesQuotation;1388530800000|SQN000111-000466|T
584a81be8fddee4a8ac1d569;[5bbda7a084411f2dd1b873d1];SalesQuotation;1388530800000|SQN000112-000467|T
584a81be8fddee4a8ac1d57f;[5bbda7a084411f2dd1b873d1];SalesQuotation;1388530800000|SQN000113-000473|T
584a81be8fddee4a8ac1d595;[5bbda7a084411f2dd1b873d1];SalesQuotation;1388530800000|SQN000114-000479|T
584a81be8fddee4a8ac1d5ab;[5bbda7a084411f2dd1b873d1];SalesQuotation;1388530800000|SQN000115-000485|T
584a81be8fddee4a8ac1d5b0;[5bbda7a084411f2dd1b873d1];SalesQuotation;1388530800000|SQN000116-000486|T
584a81be8fddee4a8ac1d5b5;[5bbda7a084411f2dd1b873d1];SalesQuotation;1388530800000|SQN000117-000487|T
584a81be8fddee4a8ac1d5ba;[5bbda7a084411f2dd1b873d1];SalesQuotation;1388530800000|SQN000118-000488|T
584a81be8fddee4a8ac1d5d0;[5bbda7a084411f2dd1b873d1];SalesQuotation;1388530800000|SQN000119-000494|T
584a81be8fddee4a8ac1d5d5;[5bbda7a084411f2dd1b873d1];SalesQuotation;1388530800000|SQN000120-000495|T
584a81be8fddee4a8ac1d5eb;[5bbda7a084411f2dd1b873d1];SalesQuotation;1388530800000|SQN000121-000501|T
584a81be8fddee4a8ac1d601;[5bbda7a084411f2dd1b873d1];SalesQuotation;1388530800000|SQN000122-000507|T
584a81be8fddee4a8ac1d617;[5bbda7a084411f2dd1b873d1];SalesQuotation;1388530800000|SQN000123-000513|T
584a81be8fddee4a8ac1d62d;[5bbda7a084411f2dd1b873d1];SalesQuotation;1388530800000|SQN000124-000519|T
584a81be8fddee4a8ac1d643;[5bbda7a084411f2dd1b873d1];SalesQuotation;1388530800000|SQN000125-000525|T
584a81be8fddee4a8ac1d659;[5bbda7a084411f2dd1b873d1];SalesQuotation;1388530800000|SQN000126-000531|T
584a81be8fddee4a8ac1d66f;[5bbda7a084411f2dd1b873d1];SalesQuotation;1388530800000|SQN000127-000537|T
584a81be8fddee4a8ac1d685;[5bbda7a084411f2dd1b873d1];SalesQuotation;1388530800000|SQN000128-000543|T
584a81be8fddee4a8ac1d69b;[5bbda7a084411f2dd1b873d1];SalesQuotation;1388530800000|SQN000129-000549|T
584a81be8fddee4a8ac1d6a0;[5bbda7a084411f2dd1b873d1];SalesQuotation;1388530800000|SQN000130-000550|T
584a81be8fddee4a8ac1d6b6;[5bbda7a084411f2dd1b873d1];SalesQuotation;1388530800000|SQN000131-000556|T
584a81be8fddee4a8ac1d6bb;[5bbda7a084411f2dd1b873d1];SalesQuotation;1388530800000|SQN000132-000557|T
584a81be8fddee4a8ac1d6c0;[5bbda7a084411f2dd1b873d1];SalesQuotation;1388530800000|SQN000133-000558|T
584a81be8fddee4a8ac1d6d6;[5bbda7a084411f2dd1b873d1];SalesQuotation;1388530800000|SQN000134-000564|T
584a81be8fddee4a8ac1d6ec;[5bbda7a084411f2dd1b873d1];SalesQuotation;1388530800000|SQN000135-000570|T
584a81be8fddee4a8ac1d702;[5bbda7a084411f2dd1b873d1];SalesQuotation;1388530800000|SQN000136-000576|T
584a81be8fddee4a8ac1d707;[5bbda7a084411f2dd1b873d1];SalesQuotation;1388530800000|SQN000137-000577|T
584a81be8fddee4a8ac1d71d;[5bbda7a084411f2dd1b873d1];SalesQuotation;1388530800000|SQN000138-000583|T
584a81be8fddee4a8ac1d733;[5bbda7a084411f2dd1b873d1];SalesQuotation;1388530800000|SQN000139-000589|T
584a81be8fddee4a8ac1d749;[5bbda7a084411f2dd1b873d1];SalesQuotation;1388530800000|SQN000140-000595|T
584a81be8fddee4a8ac1d74e;[5bbda7a084411f2dd1b873d1];SalesQuotation;1388530800000|SQN000141-000596|T
584a81be8fddee4a8ac1d764;[5bbda7a084411f2dd1b873d1];SalesQuotation;1388530800000|SQN000142-000602|T
584a81be8fddee4a8ac1d77a;[5bbda7a084411f2dd1b873d1];SalesQuotation;1388530800000|SQN000143-000608|T
584a81be8fddee4a8ac1d790;[5bbda7a084411f2dd1b873d1];SalesQuotation;1388530800000|SQN000144-000614|T
584a81be8fddee4a8ac1d7a6;[5bbda7a084411f2dd1b873d1];SalesQuotation;1388530800000|SQN000145-000620|T
584a81be8fddee4a8ac1d7bc;[5bbda7a084411f2dd1b873d1];SalesQuotation;1388530800000|SQN000146-000626|T
584a81be8fddee4a8ac1d7d2;[5bbda7a084411f2dd1b873d1];SalesQuotation;1388530800000|SQN000147-000632|T
584a81be8fddee4a8ac1d7e8;[5bbda7a084411f2dd1b873d1];SalesQuotation;1388530800000|SQN000148-000638|T
584a81be8fddee4a8ac1d7ed;[5bbda7a084411f2dd1b873d1];SalesQuotation;1388530800000|SQN000149-000639|T
584a81be8fddee4a8ac1d803;[5bbda7a084411f2dd1b873d1];SalesQuotation;1388530800000|SQN000150-000645|T
584a81be8fddee4a8ac1f62a;[5bbda7a084411f2dd1b873d1];Ticket;1388876400000|584a81be8fddee4a8ac1d45f|late delivery|T
584a81be8fddee4a8ac1e8a6;[5bbda7a084411f2dd1b873d1];Ticket;1390431600000|584a81be8fddee4a8ac1cfb6|bad quality|T
584a81be8fddee4a8ac1fc8e;[5bbda7a084411f2dd1b873d1];Ticket;1388703600000|584a81be8fddee4a8ac1d5be|bad quality|T
584a81be8fddee4a8ac1ede6;[5bbda7a084411f2dd1b873d1];Ticket;1389049200000|584a81be8fddee4a8ac1d1a5|late delivery|T
584a81be8fddee4a8ac1e8c5;[5bbda7a084411f2dd1b873d1];Ticket;1390431600000|584a81be8fddee4a8ac1cfb6|late delivery|T
584a81be8fddee4a8ac1e7b3;[5bbda7a084411f2dd1b873d1];Ticket;1389135600000|584a81be8fddee4a8ac1cf6a|late delivery|T
584a81be8fddee4a8ac1e815;[5bbda7a084411f2dd1b873d1];Ticket;1389308400000|584a81be8fddee4a8ac1cf85|late delivery|T
584a81be8fddee4a8ac1ee8d;[5bbda7a084411f2dd1b873d1];Ticket;1390518000000|584a81be8fddee4a8ac1d1d1|late delivery|T
584a81be8fddee4a8ac1fde0;[5bbda7a084411f2dd1b873d1];Ticket;1390518000000|584a81be8fddee4a8ac1d689|late delivery|T
584a81be8fddee4a8ac1ecd6;[5bbda7a084411f2dd1b873d1];Ticket;1388617200000|584a81be8fddee4a8ac1d134|bad quality|T
584a81be8fddee4a8ac1f370;[5bbda7a084411f2dd1b873d1];Ticket;1390086000000|584a81be8fddee4a8ac1d31e|bad quality|T
584a81be8fddee4a8ac1fbc4;[5bbda7a084411f2dd1b873d1];Ticket;1388962800000|584a81be8fddee4a8ac1d552|late delivery|T
584a81be8fddee4a8ac1ebb3;[5bbda7a084411f2dd1b873d1];Ticket;1389999600000|584a81be8fddee4a8ac1d0b7|late delivery|T
584a81be8fddee4a8ac1fd96;[5bbda7a084411f2dd1b873d1];Ticket;1390172400000|584a81be8fddee4a8ac1d673|bad quality|T
584a81be8fddee4a8ac1eb52;[5bbda7a084411f2dd1b873d1];Ticket;1390258800000|584a81be8fddee4a8ac1d09c|late delivery|T
584a81be8fddee4a8ac1f019;[5bbda7a084411f2dd1b873d1];Ticket;1389394800000|584a81be8fddee4a8ac1d28b|late delivery|T
584a81be8fddee4a8ac1e43d;[5bbda7a084411f2dd1b873d1];Ticket;1389999600000|584a81be8fddee4a8ac1cf23|late delivery|T
584a81be8fddee4a8ac1ea2f;[5bbda7a084411f2dd1b873d1];Ticket;1389308400000|584a81be8fddee4a8ac1d029|late delivery|T
584a81be8fddee4a8ac1e8c7;[5bbda7a084411f2dd1b873d1];User;Providence|devontae.donaldson@biiig.org|584a81be8fddee4a8ac1cdc0|m|Devontae Donaldson|CIT_USE00000003|0.33|M
584a81be8fddee4a8ac1fde5;[5bbda7a084411f2dd1b873d1];User;Amarillo|dillion.boyce@biiig.org|584a81be8fddee4a8ac1cdbb|m|Dillion Boyce|CIT_USE00000001|0.01|M
584a81be8fddee4a8ac1e449;[5bbda7a084411f2dd1b873d1];User;Chesapeake|ruby.bloggs@biiig.org|584a81be8fddee4a8ac1cdbe|f|Ruby Bloggs|CIT_USE00000002|0.66|M
584a81be8fddee4a8ac1e7bd;[5bbda7a084411f2dd1b873d1];User;Amarillo|dillion.boyce@biiig.org|584a81be8fddee4a8ac1cdbb|m|Dillion Boyce|CIT_USE00000001|0.01|M
584a81be8fddee4a8ac1e7c0;[5bbda7a084411f2dd1b873d1];User;Chesapeake|ruby.bloggs@biiig.org|584a81be8fddee4a8ac1cdbe|f|Ruby Bloggs|CIT_USE00000002|0.66|M
584a81be8fddee4a8ac1e81e;[5bbda7a084411f2dd1b873d1];User;Providence|devontae.donaldson@biiig.org|584a81be8fddee4a8ac1cdc0|m|Devontae Donaldson|CIT_USE00000003|0.33|M
584a81be8fddee4a8ac1e818;[5bbda7a084411f2dd1b873d1];User;Chesapeake|ruby.bloggs@biiig.org|584a81be8fddee4a8ac1cdbe|f|Ruby Bloggs|CIT_USE00000002|0.66|M
584a81be8fddee4a8ac1e8b0;[5bbda7a084411f2dd1b873d1];User;Amarillo|dillion.boyce@biiig.org|584a81be8fddee4a8ac1cdbb|m|Dillion Boyce|CIT_USE00000001|0.01|M
584a81be8fddee4a8ac1e8ac;[5bbda7a084411f2dd1b873d1];User;Chesapeake|ruby.bloggs@biiig.org|584a81be8fddee4a8ac1cdbe|f|Ruby Bloggs|CIT_USE00000002|0.66|M
584a81be8fddee4a8ac1ea39;[5bbda7a084411f2dd1b873d1];User;Amarillo|dillion.boyce@biiig.org|584a81be8fddee4a8ac1cdbb|m|Dillion Boyce|CIT_USE00000001|0.01|M
584a81be8fddee4a8ac1ea40;[5bbda7a084411f2dd1b873d1];User;Providence|devontae.donaldson@biiig.org|584a81be8fddee4a8ac1cdc0|m|Devontae Donaldson|CIT_USE00000003|0.33|M
584a81be8fddee4a8ac1eb59;[5bbda7a084411f2dd1b873d1];User;Providence|devontae.donaldson@biiig.org|584a81be8fddee4a8ac1cdc0|m|Devontae Donaldson|CIT_USE00000003|0.33|M
584a81be8fddee4a8ac1ebba;[5bbda7a084411f2dd1b873d1];User;Amarillo|dillion.boyce@biiig.org|584a81be8fddee4a8ac1cdbb|m|Dillion Boyce|CIT_USE00000001|0.01|M
584a81be8fddee4a8ac1ebb5;[5bbda7a084411f2dd1b873d1];User;Chesapeake|ruby.bloggs@biiig.org|584a81be8fddee4a8ac1cdbe|f|Ruby Bloggs|CIT_USE00000002|0.66|M
584a81be8fddee4a8ac1ece6;[5bbda7a084411f2dd1b873d1];User;Amarillo|dillion.boyce@biiig.org|584a81be8fddee4a8ac1cdbb|m|Dillion Boyce|CIT_USE00000001|0.01|M
584a81be8fddee4a8ac1ecd9;[5bbda7a084411f2dd1b873d1];User;Providence|devontae.donaldson@biiig.org|584a81be8fddee4a8ac1cdc0|m|Devontae Donaldson|CIT_USE00000003|0.33|M
584a81be8fddee4a8ac1edf9;[5bbda7a084411f2dd1b873d1];User;Providence|devontae.donaldson@biiig.org|584a81be8fddee4a8ac1cdc0|m|Devontae Donaldson|CIT_USE00000003|0.33|M
584a81be8fddee4a8ac1edee;[5bbda7a084411f2dd1b873d1];User;Chesapeake|ruby.bloggs@biiig.org|584a81be8fddee4a8ac1cdbe|f|Ruby Bloggs|CIT_USE00000002|0.66|M
584a81be8fddee4a8ac1ee99;[5bbda7a084411f2dd1b873d1];User;Chesapeake|ruby.bloggs@biiig.org|584a81be8fddee4a8ac1cdbe|f|Ruby Bloggs|CIT_USE00000002|0.66|M
584a81be8fddee4a8ac1f027;[5bbda7a084411f2dd1b873d1];User;Providence|devontae.donaldson@biiig.org|584a81be8fddee4a8ac1cdc0|m|Devontae Donaldson|CIT_USE00000003|0.33|M
584a81be8fddee4a8ac1f02d;[5bbda7a084411f2dd1b873d1];User;Chesapeake|ruby.bloggs@biiig.org|584a81be8fddee4a8ac1cdbe|f|Ruby Bloggs|CIT_USE00000002|0.66|M
584a81be8fddee4a8ac1f37e;[5bbda7a084411f2dd1b873d1];User;Amarillo|dillion.boyce@biiig.org|584a81be8fddee4a8ac1cdbb|m|Dillion Boyce|CIT_USE00000001|0.01|M
584a81be8fddee4a8ac1f386;[5bbda7a084411f2dd1b873d1];User;Providence|devontae.donaldson@biiig.org|584a81be8fddee4a8ac1cdc0|m|Devontae Donaldson|CIT_USE00000003|0.33|M
584a81be8fddee4a8ac1f640;[5bbda7a084411f2dd1b873d1];User;Providence|devontae.donaldson@biiig.org|584a81be8fddee4a8ac1cdc0|m|Devontae Donaldson|CIT_USE00000003|0.33|M
584a81be8fddee4a8ac1f647;[5bbda7a084411f2dd1b873d1];User;Chesapeake|ruby.bloggs@biiig.org|584a81be8fddee4a8ac1cdbe|f|Ruby Bloggs|CIT_USE00000002|0.66|M
584a81be8fddee4a8ac1fbcf;[5bbda7a084411f2dd1b873d1];User;Providence|devontae.donaldson@biiig.org|584a81be8fddee4a8ac1cdc0|m|Devontae Donaldson|CIT_USE00000003|0.33|M
584a81be8fddee4a8ac1fc91;[5bbda7a084411f2dd1b873d1];User;Amarillo|dillion.boyce@biiig.org|584a81be8fddee4a8ac1cdbb|m|Dillion Boyce|CIT_USE00000001|0.01|M
584a81be8fddee4a8ac1fc96;[5bbda7a084411f2dd1b873d1];User;Chesapeake|ruby.bloggs@biiig.org|584a81be8fddee4a8ac1cdbe|f|Ruby Bloggs|CIT_USE00000002|0.66|M
584a81be8fddee4a8ac1fd98;[5bbda7a084411f2dd1b873d1];User;Providence|devontae.donaldson@biiig.org|584a81be8fddee4a8ac1cdc0|m|Devontae Donaldson|CIT_USE00000003|0.33|M
584a81be8fddee4a8ac1fd9d;[5bbda7a084411f2dd1b873d1];User;Chesapeake|ruby.bloggs@biiig.org|584a81be8fddee4a8ac1cdbe|f|Ruby Bloggs|CIT_USE00000002|0.66|M
584a81be8fddee4a8ac1cdce;[5bbda7a084411f2dd1b873d1];Vendor;Pompano Beach|reasonable supplier|ERP_VEN00000002|0.66|M
584a81be8fddee4a8ac1cdcc;[5bbda7a084411f2dd1b873d1];Vendor;Fayetteville|exclusive supplier|ERP_VEN00000001|0.01|M
584a81be8fddee4a8ac1cdcd;[5bbda7a084411f2dd1b873d1];Vendor;Providence|reasonable trader|ERP_VEN00000003|0.33|M
